participant_id,answer_accuracy,elapsed_time,trial_type,condition,current_stimulus_index,target_left,target_right,correct_answer,key_pressed,questions_order,question_index,question_condition,textures_order_for_question,texture_index,texture_condition,trial_number
agosyvi,1,2725,training,bar,5,olive,carrot,carrot,ArrowRight,"fewer, more",0,FEWER,"icon, color, geo",0,icon,0
agosyvi,1,3483,training,bar,8,olive,eggplant,olive,ArrowLeft,"fewer, more",0,FEWER,"icon, color, geo",0,icon,1
agosyvi,1,4017,training,bar,14,eggplant,tomato,eggplant,ArrowLeft,"fewer, more",0,FEWER,"icon, color, geo",0,icon,2
agosyvi,1,4245,real,bar,2,celery,mushroom,celery,ArrowLeft,"fewer, more",0,FEWER,"icon, color, geo",0,icon,0
agosyvi,1,2181,real,bar,4,mushroom,carrot,mushroom,ArrowLeft,"fewer, more",0,FEWER,"icon, color, geo",0,icon,1
agosyvi,1,1621,real,bar,1,corn,tomato,corn,ArrowLeft,"fewer, more",0,FEWER,"icon, color, geo",0,icon,2
agosyvi,1,2702,real,bar,5,olive,celery,olive,ArrowLeft,"fewer, more",0,FEWER,"icon, color, geo",0,icon,3
agosyvi,1,1761,real,bar,0,eggplant,corn,eggplant,ArrowLeft,"fewer, more",0,FEWER,"icon, color, geo",0,icon,4
agosyvi,1,3982,real,bar,3,corn,olive,olive,ArrowRight,"fewer, more",0,FEWER,"icon, color, geo",0,icon,5
agosyvi,1,4420,real,bar,9,mushroom,corn,corn,ArrowRight,"fewer, more",0,FEWER,"icon, color, geo",0,icon,6
agosyvi,1,2512,real,bar,8,celery,corn,celery,ArrowLeft,"fewer, more",0,FEWER,"icon, color, geo",0,icon,7
agosyvi,1,2389,real,bar,6,mushroom,olive,olive,ArrowRight,"fewer, more",0,FEWER,"icon, color, geo",0,icon,8
agosyvi,1,3854,real,bar,7,corn,mushroom,mushroom,ArrowRight,"fewer, more",0,FEWER,"icon, color, geo",0,icon,9
agosyvi,1,3174,training,bar,2,tomato,mushroom,tomato,ArrowLeft,"fewer, more",0,FEWER,"icon, color, geo",1,color,0
agosyvi,1,2521,training,bar,27,corn,olive,olive,ArrowRight,"fewer, more",0,FEWER,"icon, color, geo",1,color,1
agosyvi,1,2595,training,bar,7,eggplant,celery,eggplant,ArrowLeft,"fewer, more",0,FEWER,"icon, color, geo",1,color,2
agosyvi,1,1837,real,bar,0,eggplant,corn,eggplant,ArrowLeft,"fewer, more",0,FEWER,"icon, color, geo",1,color,0
agosyvi,1,3176,real,bar,6,mushroom,olive,olive,ArrowRight,"fewer, more",0,FEWER,"icon, color, geo",1,color,1
agosyvi,1,2782,real,bar,5,olive,celery,olive,ArrowLeft,"fewer, more",0,FEWER,"icon, color, geo",1,color,2
agosyvi,1,2158,real,bar,8,celery,corn,celery,ArrowLeft,"fewer, more",0,FEWER,"icon, color, geo",1,color,3
agosyvi,1,2448,real,bar,2,celery,mushroom,celery,ArrowLeft,"fewer, more",0,FEWER,"icon, color, geo",1,color,4
agosyvi,1,1322,real,bar,4,mushroom,carrot,mushroom,ArrowLeft,"fewer, more",0,FEWER,"icon, color, geo",1,color,5
agosyvi,1,2452,real,bar,9,mushroom,corn,corn,ArrowRight,"fewer, more",0,FEWER,"icon, color, geo",1,color,6
agosyvi,1,2683,real,bar,1,corn,tomato,corn,ArrowLeft,"fewer, more",0,FEWER,"icon, color, geo",1,color,7
agosyvi,1,2541,real,bar,3,corn,olive,olive,ArrowRight,"fewer, more",0,FEWER,"icon, color, geo",1,color,8
agosyvi,1,1748,real,bar,7,corn,mushroom,mushroom,ArrowRight,"fewer, more",0,FEWER,"icon, color, geo",1,color,9
agosyvi,1,2324,training,bar,24,celery,mushroom,mushroom,ArrowRight,"fewer, more",0,FEWER,"icon, color, geo",2,geo,0
agosyvi,1,1644,training,bar,6,celery,mushroom,mushroom,ArrowRight,"fewer, more",0,FEWER,"icon, color, geo",2,geo,1
agosyvi,1,1815,training,bar,7,eggplant,celery,eggplant,ArrowLeft,"fewer, more",0,FEWER,"icon, color, geo",2,geo,2
agosyvi,1,1813,real,bar,2,celery,mushroom,celery,ArrowLeft,"fewer, more",0,FEWER,"icon, color, geo",2,geo,0
agosyvi,1,2377,real,bar,5,olive,celery,olive,ArrowLeft,"fewer, more",0,FEWER,"icon, color, geo",2,geo,1
agosyvi,1,2672,real,bar,3,corn,olive,olive,ArrowRight,"fewer, more",0,FEWER,"icon, color, geo",2,geo,2
agosyvi,1,3623,real,bar,4,mushroom,carrot,mushroom,ArrowLeft,"fewer, more",0,FEWER,"icon, color, geo",2,geo,3
agosyvi,-1,5000,real,bar,1,corn,tomato,corn,none,"fewer, more",0,FEWER,"icon, color, geo",2,geo,4
agosyvi,1,2753,real,bar,9,mushroom,corn,corn,ArrowRight,"fewer, more",0,FEWER,"icon, color, geo",2,geo,5
agosyvi,1,2923,real,bar,0,eggplant,corn,eggplant,ArrowLeft,"fewer, more",0,FEWER,"icon, color, geo",2,geo,6
agosyvi,1,3518,real,bar,7,corn,mushroom,mushroom,ArrowRight,"fewer, more",0,FEWER,"icon, color, geo",2,geo,7
agosyvi,1,1839,real,bar,6,mushroom,olive,olive,ArrowRight,"fewer, more",0,FEWER,"icon, color, geo",2,geo,8
agosyvi,1,1792,real,bar,8,celery,corn,celery,ArrowLeft,"fewer, more",0,FEWER,"icon, color, geo",2,geo,9
agosyvi,1,3991,training,bar,23,carrot,olive,olive,ArrowRight,"fewer, more",1,MORE,"icon, geo, color",0,icon,0
agosyvi,1,4694,training,bar,7,eggplant,celery,celery,ArrowRight,"fewer, more",1,MORE,"icon, geo, color",0,icon,1
agosyvi,1,2948,training,bar,16,mushroom,olive,mushroom,ArrowLeft,"fewer, more",1,MORE,"icon, geo, color",0,icon,2
agosyvi,1,2323,real,bar,2,celery,mushroom,mushroom,ArrowRight,"fewer, more",1,MORE,"icon, geo, color",0,icon,0
agosyvi,1,4048,real,bar,4,mushroom,carrot,carrot,ArrowRight,"fewer, more",1,MORE,"icon, geo, color",0,icon,1
agosyvi,1,3379,real,bar,1,corn,tomato,tomato,ArrowRight,"fewer, more",1,MORE,"icon, geo, color",0,icon,2
agosyvi,1,4408,real,bar,5,olive,celery,celery,ArrowRight,"fewer, more",1,MORE,"icon, geo, color",0,icon,3
agosyvi,1,3908,real,bar,0,eggplant,corn,corn,ArrowRight,"fewer, more",1,MORE,"icon, geo, color",0,icon,4
agosyvi,1,3987,real,bar,3,corn,olive,corn,ArrowLeft,"fewer, more",1,MORE,"icon, geo, color",0,icon,5
agosyvi,-1,5000,real,bar,9,mushroom,corn,mushroom,none,"fewer, more",1,MORE,"icon, geo, color",0,icon,6
agosyvi,1,1906,real,bar,8,celery,corn,corn,ArrowRight,"fewer, more",1,MORE,"icon, geo, color",0,icon,7
agosyvi,1,2739,real,bar,6,mushroom,olive,mushroom,ArrowLeft,"fewer, more",1,MORE,"icon, geo, color",0,icon,8
agosyvi,1,1556,real,bar,7,corn,mushroom,corn,ArrowLeft,"fewer, more",1,MORE,"icon, geo, color",0,icon,9
agosyvi,1,2967,training,bar,15,eggplant,tomato,tomato,ArrowRight,"fewer, more",1,MORE,"icon, geo, color",1,geo,0
agosyvi,1,2383,training,bar,8,olive,eggplant,eggplant,ArrowRight,"fewer, more",1,MORE,"icon, geo, color",1,geo,1
agosyvi,1,1807,training,bar,0,corn,carrot,carrot,ArrowRight,"fewer, more",1,MORE,"icon, geo, color",1,geo,2
agosyvi,1,2260,real,bar,2,celery,mushroom,mushroom,ArrowRight,"fewer, more",1,MORE,"icon, geo, color",1,geo,0
agosyvi,1,1794,real,bar,5,olive,celery,celery,ArrowRight,"fewer, more",1,MORE,"icon, geo, color",1,geo,1
agosyvi,1,1727,real,bar,3,corn,olive,corn,ArrowLeft,"fewer, more",1,MORE,"icon, geo, color",1,geo,2
agosyvi,1,2976,real,bar,4,mushroom,carrot,carrot,ArrowRight,"fewer, more",1,MORE,"icon, geo, color",1,geo,3
agosyvi,1,2385,real,bar,1,corn,tomato,tomato,ArrowRight,"fewer, more",1,MORE,"icon, geo, color",1,geo,4
agosyvi,0,2730,real,bar,9,mushroom,corn,mushroom,ArrowRight,"fewer, more",1,MORE,"icon, geo, color",1,geo,5
agosyvi,1,2013,real,bar,0,eggplant,corn,corn,ArrowRight,"fewer, more",1,MORE,"icon, geo, color",1,geo,6
agosyvi,1,4145,real,bar,7,corn,mushroom,corn,ArrowLeft,"fewer, more",1,MORE,"icon, geo, color",1,geo,7
agosyvi,1,1717,real,bar,6,mushroom,olive,mushroom,ArrowLeft,"fewer, more",1,MORE,"icon, geo, color",1,geo,8
agosyvi,1,2926,real,bar,8,celery,corn,corn,ArrowRight,"fewer, more",1,MORE,"icon, geo, color",1,geo,9
agosyvi,1,2921,training,bar,14,eggplant,tomato,tomato,ArrowRight,"fewer, more",1,MORE,"icon, geo, color",2,color,0
agosyvi,1,2767,training,bar,15,eggplant,tomato,tomato,ArrowRight,"fewer, more",1,MORE,"icon, geo, color",2,color,1
agosyvi,1,2437,training,bar,13,olive,carrot,carrot,ArrowRight,"fewer, more",1,MORE,"icon, geo, color",2,color,2
agosyvi,1,3187,real,bar,0,eggplant,corn,corn,ArrowRight,"fewer, more",1,MORE,"icon, geo, color",2,color,0
agosyvi,1,2331,real,bar,6,mushroom,olive,mushroom,ArrowLeft,"fewer, more",1,MORE,"icon, geo, color",2,color,1
agosyvi,1,3115,real,bar,5,olive,celery,celery,ArrowRight,"fewer, more",1,MORE,"icon, geo, color",2,color,2
agosyvi,1,2346,real,bar,8,celery,corn,corn,ArrowRight,"fewer, more",1,MORE,"icon, geo, color",2,color,3
agosyvi,1,2760,real,bar,2,celery,mushroom,mushroom,ArrowRight,"fewer, more",1,MORE,"icon, geo, color",2,color,4
agosyvi,1,3357,real,bar,4,mushroom,carrot,carrot,ArrowRight,"fewer, more",1,MORE,"icon, geo, color",2,color,5
agosyvi,1,2638,real,bar,9,mushroom,corn,mushroom,ArrowLeft,"fewer, more",1,MORE,"icon, geo, color",2,color,6
agosyvi,1,2298,real,bar,1,corn,tomato,tomato,ArrowRight,"fewer, more",1,MORE,"icon, geo, color",2,color,7
agosyvi,1,2492,real,bar,3,corn,olive,corn,ArrowLeft,"fewer, more",1,MORE,"icon, geo, color",2,color,8
agosyvi,1,2058,real,bar,7,corn,mushroom,corn,ArrowLeft,"fewer, more",1,MORE,"icon, geo, color",2,color,9
aofvwlu,-1,5000,training,bar,18,corn,eggplant,eggplant,none,"more, fewer",0,MORE,"geo, color, icon",0,geo,0
aofvwlu,-1,5000,training,bar,26,mushroom,olive,olive,none,"more, fewer",0,MORE,"geo, color, icon",0,geo,1
aofvwlu,1,2720,training,bar,1,corn,mushroom,mushroom,ArrowRight,"more, fewer",0,MORE,"geo, color, icon",0,geo,2
aofvwlu,1,3871,real,bar,1,corn,tomato,tomato,ArrowRight,"more, fewer",0,MORE,"geo, color, icon",0,geo,0
aofvwlu,1,1376,real,bar,3,corn,olive,corn,ArrowLeft,"more, fewer",0,MORE,"geo, color, icon",0,geo,1
aofvwlu,1,2177,real,bar,6,mushroom,olive,mushroom,ArrowLeft,"more, fewer",0,MORE,"geo, color, icon",0,geo,2
aofvwlu,1,3368,real,bar,0,eggplant,corn,corn,ArrowRight,"more, fewer",0,MORE,"geo, color, icon",0,geo,3
aofvwlu,1,3380,real,bar,9,mushroom,corn,mushroom,ArrowLeft,"more, fewer",0,MORE,"geo, color, icon",0,geo,4
aofvwlu,1,1915,real,bar,5,olive,celery,celery,ArrowRight,"more, fewer",0,MORE,"geo, color, icon",0,geo,5
aofvwlu,1,3961,real,bar,4,mushroom,carrot,carrot,ArrowRight,"more, fewer",0,MORE,"geo, color, icon",0,geo,6
aofvwlu,1,3183,real,bar,2,celery,mushroom,mushroom,ArrowRight,"more, fewer",0,MORE,"geo, color, icon",0,geo,7
aofvwlu,1,1764,real,bar,7,corn,mushroom,corn,ArrowLeft,"more, fewer",0,MORE,"geo, color, icon",0,geo,8
aofvwlu,1,1136,real,bar,8,celery,corn,corn,ArrowRight,"more, fewer",0,MORE,"geo, color, icon",0,geo,9
aofvwlu,1,2576,training,bar,27,corn,olive,corn,ArrowLeft,"more, fewer",0,MORE,"geo, color, icon",1,color,0
aofvwlu,1,4271,training,bar,20,eggplant,tomato,eggplant,ArrowLeft,"more, fewer",0,MORE,"geo, color, icon",1,color,1
aofvwlu,1,3048,training,bar,22,corn,mushroom,corn,ArrowLeft,"more, fewer",0,MORE,"geo, color, icon",1,color,2
aofvwlu,1,4283,real,bar,8,celery,corn,corn,ArrowRight,"more, fewer",0,MORE,"geo, color, icon",1,color,0
aofvwlu,1,3093,real,bar,5,olive,celery,celery,ArrowRight,"more, fewer",0,MORE,"geo, color, icon",1,color,1
aofvwlu,1,3868,real,bar,6,mushroom,olive,mushroom,ArrowLeft,"more, fewer",0,MORE,"geo, color, icon",1,color,2
aofvwlu,1,2644,real,bar,3,corn,olive,corn,ArrowLeft,"more, fewer",0,MORE,"geo, color, icon",1,color,3
aofvwlu,1,2056,real,bar,1,corn,tomato,tomato,ArrowRight,"more, fewer",0,MORE,"geo, color, icon",1,color,4
aofvwlu,1,3304,real,bar,9,mushroom,corn,mushroom,ArrowLeft,"more, fewer",0,MORE,"geo, color, icon",1,color,5
aofvwlu,1,3025,real,bar,7,corn,mushroom,corn,ArrowLeft,"more, fewer",0,MORE,"geo, color, icon",1,color,6
aofvwlu,1,2736,real,bar,4,mushroom,carrot,carrot,ArrowRight,"more, fewer",0,MORE,"geo, color, icon",1,color,7
aofvwlu,1,3160,real,bar,0,eggplant,corn,corn,ArrowRight,"more, fewer",0,MORE,"geo, color, icon",1,color,8
aofvwlu,1,2809,real,bar,2,celery,mushroom,mushroom,ArrowRight,"more, fewer",0,MORE,"geo, color, icon",1,color,9
aofvwlu,1,3340,training,bar,7,eggplant,celery,celery,ArrowRight,"more, fewer",0,MORE,"geo, color, icon",2,icon,0
aofvwlu,1,3980,training,bar,13,olive,carrot,carrot,ArrowRight,"more, fewer",0,MORE,"geo, color, icon",2,icon,1
aofvwlu,1,3749,training,bar,8,olive,eggplant,eggplant,ArrowRight,"more, fewer",0,MORE,"geo, color, icon",2,icon,2
aofvwlu,1,4452,real,bar,2,celery,mushroom,mushroom,ArrowRight,"more, fewer",0,MORE,"geo, color, icon",2,icon,0
aofvwlu,-1,5000,real,bar,8,celery,corn,corn,none,"more, fewer",0,MORE,"geo, color, icon",2,icon,1
aofvwlu,1,1328,real,bar,7,corn,mushroom,corn,ArrowLeft,"more, fewer",0,MORE,"geo, color, icon",2,icon,2
aofvwlu,1,3364,real,bar,9,mushroom,corn,mushroom,ArrowLeft,"more, fewer",0,MORE,"geo, color, icon",2,icon,3
aofvwlu,1,3072,real,bar,5,olive,celery,celery,ArrowRight,"more, fewer",0,MORE,"geo, color, icon",2,icon,4
aofvwlu,1,2728,real,bar,4,mushroom,carrot,carrot,ArrowRight,"more, fewer",0,MORE,"geo, color, icon",2,icon,5
aofvwlu,1,3776,real,bar,1,corn,tomato,tomato,ArrowRight,"more, fewer",0,MORE,"geo, color, icon",2,icon,6
aofvwlu,1,3779,real,bar,3,corn,olive,corn,ArrowLeft,"more, fewer",0,MORE,"geo, color, icon",2,icon,7
aofvwlu,1,3980,real,bar,6,mushroom,olive,mushroom,ArrowLeft,"more, fewer",0,MORE,"geo, color, icon",2,icon,8
aofvwlu,1,4903,real,bar,0,eggplant,corn,corn,ArrowRight,"more, fewer",0,MORE,"geo, color, icon",2,icon,9
aofvwlu,1,3644,training,bar,19,carrot,eggplant,eggplant,ArrowRight,"more, fewer",1,FEWER,"icon, geo, color",0,icon,0
aofvwlu,1,2896,training,bar,9,mushroom,eggplant,eggplant,ArrowRight,"more, fewer",1,FEWER,"icon, geo, color",0,icon,1
aofvwlu,-1,5000,training,bar,20,eggplant,tomato,tomato,none,"more, fewer",1,FEWER,"icon, geo, color",0,icon,2
aofvwlu,1,4105,real,bar,2,celery,mushroom,celery,ArrowLeft,"more, fewer",1,FEWER,"icon, geo, color",0,icon,0
aofvwlu,1,2736,real,bar,8,celery,corn,celery,ArrowLeft,"more, fewer",1,FEWER,"icon, geo, color",0,icon,1
aofvwlu,1,3224,real,bar,7,corn,mushroom,mushroom,ArrowRight,"more, fewer",1,FEWER,"icon, geo, color",0,icon,2
aofvwlu,1,4375,real,bar,9,mushroom,corn,corn,ArrowRight,"more, fewer",1,FEWER,"icon, geo, color",0,icon,3
aofvwlu,0,4981,real,bar,5,olive,celery,olive,ArrowRight,"more, fewer",1,FEWER,"icon, geo, color",0,icon,4
aofvwlu,0,3700,real,bar,4,mushroom,carrot,mushroom,ArrowRight,"more, fewer",1,FEWER,"icon, geo, color",0,icon,5
aofvwlu,1,4141,real,bar,1,corn,tomato,corn,ArrowLeft,"more, fewer",1,FEWER,"icon, geo, color",0,icon,6
aofvwlu,1,2632,real,bar,3,corn,olive,olive,ArrowRight,"more, fewer",1,FEWER,"icon, geo, color",0,icon,7
aofvwlu,1,3500,real,bar,6,mushroom,olive,olive,ArrowRight,"more, fewer",1,FEWER,"icon, geo, color",0,icon,8
aofvwlu,1,3533,real,bar,0,eggplant,corn,eggplant,ArrowLeft,"more, fewer",1,FEWER,"icon, geo, color",0,icon,9
aofvwlu,-1,5000,training,bar,20,eggplant,tomato,tomato,none,"more, fewer",1,FEWER,"icon, geo, color",1,geo,0
aofvwlu,1,3492,training,bar,13,olive,carrot,olive,ArrowLeft,"more, fewer",1,FEWER,"icon, geo, color",1,geo,1
aofvwlu,1,3901,training,bar,11,tomato,carrot,carrot,ArrowRight,"more, fewer",1,FEWER,"icon, geo, color",1,geo,2
aofvwlu,1,3380,real,bar,1,corn,tomato,corn,ArrowLeft,"more, fewer",1,FEWER,"icon, geo, color",1,geo,0
aofvwlu,1,3169,real,bar,3,corn,olive,olive,ArrowRight,"more, fewer",1,FEWER,"icon, geo, color",1,geo,1
aofvwlu,1,3440,real,bar,6,mushroom,olive,olive,ArrowRight,"more, fewer",1,FEWER,"icon, geo, color",1,geo,2
aofvwlu,1,3136,real,bar,0,eggplant,corn,eggplant,ArrowLeft,"more, fewer",1,FEWER,"icon, geo, color",1,geo,3
aofvwlu,1,3443,real,bar,9,mushroom,corn,corn,ArrowRight,"more, fewer",1,FEWER,"icon, geo, color",1,geo,4
aofvwlu,1,4469,real,bar,5,olive,celery,olive,ArrowLeft,"more, fewer",1,FEWER,"icon, geo, color",1,geo,5
aofvwlu,1,3892,real,bar,4,mushroom,carrot,mushroom,ArrowLeft,"more, fewer",1,FEWER,"icon, geo, color",1,geo,6
aofvwlu,1,4292,real,bar,2,celery,mushroom,celery,ArrowLeft,"more, fewer",1,FEWER,"icon, geo, color",1,geo,7
aofvwlu,1,2255,real,bar,7,corn,mushroom,mushroom,ArrowRight,"more, fewer",1,FEWER,"icon, geo, color",1,geo,8
aofvwlu,1,3400,real,bar,8,celery,corn,celery,ArrowLeft,"more, fewer",1,FEWER,"icon, geo, color",1,geo,9
aofvwlu,1,4267,training,bar,16,mushroom,olive,olive,ArrowRight,"more, fewer",1,FEWER,"icon, geo, color",2,color,0
aofvwlu,1,4677,training,bar,5,olive,carrot,carrot,ArrowRight,"more, fewer",1,FEWER,"icon, geo, color",2,color,1
aofvwlu,-1,5000,training,bar,9,mushroom,eggplant,eggplant,none,"more, fewer",1,FEWER,"icon, geo, color",2,color,2
aofvwlu,1,3396,real,bar,8,celery,corn,celery,ArrowLeft,"more, fewer",1,FEWER,"icon, geo, color",2,color,0
aofvwlu,1,3505,real,bar,5,olive,celery,olive,ArrowLeft,"more, fewer",1,FEWER,"icon, geo, color",2,color,1
aofvwlu,1,2576,real,bar,6,mushroom,olive,olive,ArrowRight,"more, fewer",1,FEWER,"icon, geo, color",2,color,2
aofvwlu,1,2452,real,bar,3,corn,olive,olive,ArrowRight,"more, fewer",1,FEWER,"icon, geo, color",2,color,3
aofvwlu,1,2849,real,bar,1,corn,tomato,corn,ArrowLeft,"more, fewer",1,FEWER,"icon, geo, color",2,color,4
aofvwlu,1,2922,real,bar,9,mushroom,corn,corn,ArrowRight,"more, fewer",1,FEWER,"icon, geo, color",2,color,5
aofvwlu,1,2349,real,bar,7,corn,mushroom,mushroom,ArrowRight,"more, fewer",1,FEWER,"icon, geo, color",2,color,6
aofvwlu,1,4157,real,bar,4,mushroom,carrot,mushroom,ArrowLeft,"more, fewer",1,FEWER,"icon, geo, color",2,color,7
aofvwlu,1,3028,real,bar,0,eggplant,corn,eggplant,ArrowLeft,"more, fewer",1,FEWER,"icon, geo, color",2,color,8
aofvwlu,1,2736,real,bar,2,celery,mushroom,celery,ArrowLeft,"more, fewer",1,FEWER,"icon, geo, color",2,color,9
bdotqhk,1,3585,training,bar,23,carrot,olive,olive,ArrowRight,"more, fewer",0,MORE,"icon, color, geo",0,icon,0
bdotqhk,1,2868,training,bar,13,olive,carrot,carrot,ArrowRight,"more, fewer",0,MORE,"icon, color, geo",0,icon,1
bdotqhk,1,2546,training,bar,17,corn,mushroom,mushroom,ArrowRight,"more, fewer",0,MORE,"icon, color, geo",0,icon,2
bdotqhk,1,3837,real,bar,9,mushroom,corn,mushroom,ArrowLeft,"more, fewer",0,MORE,"icon, color, geo",0,icon,0
bdotqhk,1,2001,real,bar,8,celery,corn,corn,ArrowRight,"more, fewer",0,MORE,"icon, color, geo",0,icon,1
bdotqhk,1,1977,real,bar,3,corn,olive,corn,ArrowLeft,"more, fewer",0,MORE,"icon, color, geo",0,icon,2
bdotqhk,1,1689,real,bar,6,mushroom,olive,mushroom,ArrowLeft,"more, fewer",0,MORE,"icon, color, geo",0,icon,3
bdotqhk,1,2877,real,bar,4,mushroom,carrot,carrot,ArrowRight,"more, fewer",0,MORE,"icon, color, geo",0,icon,4
bdotqhk,1,2080,real,bar,1,corn,tomato,tomato,ArrowRight,"more, fewer",0,MORE,"icon, color, geo",0,icon,5
bdotqhk,1,2688,real,bar,0,eggplant,corn,corn,ArrowRight,"more, fewer",0,MORE,"icon, color, geo",0,icon,6
bdotqhk,1,2338,real,bar,2,celery,mushroom,mushroom,ArrowRight,"more, fewer",0,MORE,"icon, color, geo",0,icon,7
bdotqhk,1,1885,real,bar,5,olive,celery,celery,ArrowRight,"more, fewer",0,MORE,"icon, color, geo",0,icon,8
bdotqhk,1,921,real,bar,7,corn,mushroom,corn,ArrowLeft,"more, fewer",0,MORE,"icon, color, geo",0,icon,9
bdotqhk,1,1745,training,bar,7,eggplant,celery,celery,ArrowRight,"more, fewer",0,MORE,"icon, color, geo",1,color,0
bdotqhk,1,1386,training,bar,19,carrot,eggplant,carrot,ArrowLeft,"more, fewer",0,MORE,"icon, color, geo",1,color,1
bdotqhk,1,1621,training,bar,1,corn,mushroom,mushroom,ArrowRight,"more, fewer",0,MORE,"icon, color, geo",1,color,2
bdotqhk,1,1149,real,bar,4,mushroom,carrot,carrot,ArrowRight,"more, fewer",0,MORE,"icon, color, geo",1,color,0
bdotqhk,1,883,real,bar,3,corn,olive,corn,ArrowLeft,"more, fewer",0,MORE,"icon, color, geo",1,color,1
bdotqhk,1,2356,real,bar,6,mushroom,olive,mushroom,ArrowLeft,"more, fewer",0,MORE,"icon, color, geo",1,color,2
bdotqhk,1,2650,real,bar,2,celery,mushroom,mushroom,ArrowRight,"more, fewer",0,MORE,"icon, color, geo",1,color,3
bdotqhk,1,1457,real,bar,1,corn,tomato,tomato,ArrowRight,"more, fewer",0,MORE,"icon, color, geo",1,color,4
bdotqhk,1,1960,real,bar,0,eggplant,corn,corn,ArrowRight,"more, fewer",0,MORE,"icon, color, geo",1,color,5
bdotqhk,1,1278,real,bar,7,corn,mushroom,corn,ArrowLeft,"more, fewer",0,MORE,"icon, color, geo",1,color,6
bdotqhk,1,1610,real,bar,9,mushroom,corn,mushroom,ArrowLeft,"more, fewer",0,MORE,"icon, color, geo",1,color,7
bdotqhk,1,3473,real,bar,5,olive,celery,celery,ArrowRight,"more, fewer",0,MORE,"icon, color, geo",1,color,8
bdotqhk,1,1226,real,bar,8,celery,corn,corn,ArrowRight,"more, fewer",0,MORE,"icon, color, geo",1,color,9
bdotqhk,1,3569,training,bar,6,celery,mushroom,celery,ArrowLeft,"more, fewer",0,MORE,"icon, color, geo",2,geo,0
bdotqhk,1,2411,training,bar,14,eggplant,tomato,tomato,ArrowRight,"more, fewer",0,MORE,"icon, color, geo",2,geo,1
bdotqhk,1,3089,training,bar,7,eggplant,celery,celery,ArrowRight,"more, fewer",0,MORE,"icon, color, geo",2,geo,2
bdotqhk,1,1594,real,bar,5,olive,celery,celery,ArrowRight,"more, fewer",0,MORE,"icon, color, geo",2,geo,0
bdotqhk,1,1650,real,bar,9,mushroom,corn,mushroom,ArrowLeft,"more, fewer",0,MORE,"icon, color, geo",2,geo,1
bdotqhk,1,1722,real,bar,4,mushroom,carrot,carrot,ArrowRight,"more, fewer",0,MORE,"icon, color, geo",2,geo,2
bdotqhk,1,1955,real,bar,8,celery,corn,corn,ArrowRight,"more, fewer",0,MORE,"icon, color, geo",2,geo,3
bdotqhk,1,901,real,bar,7,corn,mushroom,corn,ArrowLeft,"more, fewer",0,MORE,"icon, color, geo",2,geo,4
bdotqhk,1,1379,real,bar,2,celery,mushroom,mushroom,ArrowRight,"more, fewer",0,MORE,"icon, color, geo",2,geo,5
bdotqhk,1,1613,real,bar,3,corn,olive,corn,ArrowLeft,"more, fewer",0,MORE,"icon, color, geo",2,geo,6
bdotqhk,1,2137,real,bar,0,eggplant,corn,corn,ArrowRight,"more, fewer",0,MORE,"icon, color, geo",2,geo,7
bdotqhk,1,1429,real,bar,6,mushroom,olive,mushroom,ArrowLeft,"more, fewer",0,MORE,"icon, color, geo",2,geo,8
bdotqhk,1,2451,real,bar,1,corn,tomato,tomato,ArrowRight,"more, fewer",0,MORE,"icon, color, geo",2,geo,9
bdotqhk,1,2072,training,bar,8,olive,eggplant,olive,ArrowLeft,"more, fewer",1,FEWER,"color, geo, icon",0,color,0
bdotqhk,1,2112,training,bar,8,olive,eggplant,olive,ArrowLeft,"more, fewer",1,FEWER,"color, geo, icon",0,color,1
bdotqhk,1,2232,training,bar,5,olive,carrot,carrot,ArrowRight,"more, fewer",1,FEWER,"color, geo, icon",0,color,2
bdotqhk,1,620,real,bar,4,mushroom,carrot,mushroom,ArrowLeft,"more, fewer",1,FEWER,"color, geo, icon",0,color,0
bdotqhk,1,999,real,bar,3,corn,olive,olive,ArrowRight,"more, fewer",1,FEWER,"color, geo, icon",0,color,1
bdotqhk,1,1218,real,bar,6,mushroom,olive,olive,ArrowRight,"more, fewer",1,FEWER,"color, geo, icon",0,color,2
bdotqhk,1,1012,real,bar,2,celery,mushroom,celery,ArrowLeft,"more, fewer",1,FEWER,"color, geo, icon",0,color,3
bdotqhk,1,851,real,bar,1,corn,tomato,corn,ArrowLeft,"more, fewer",1,FEWER,"color, geo, icon",0,color,4
bdotqhk,1,2662,real,bar,0,eggplant,corn,eggplant,ArrowLeft,"more, fewer",1,FEWER,"color, geo, icon",0,color,5
bdotqhk,0,2136,real,bar,7,corn,mushroom,mushroom,ArrowLeft,"more, fewer",1,FEWER,"color, geo, icon",0,color,6
bdotqhk,1,2203,real,bar,9,mushroom,corn,corn,ArrowRight,"more, fewer",1,FEWER,"color, geo, icon",0,color,7
bdotqhk,1,4506,real,bar,5,olive,celery,olive,ArrowLeft,"more, fewer",1,FEWER,"color, geo, icon",0,color,8
bdotqhk,1,2477,real,bar,8,celery,corn,celery,ArrowLeft,"more, fewer",1,FEWER,"color, geo, icon",0,color,9
bdotqhk,1,1432,training,bar,19,carrot,eggplant,eggplant,ArrowRight,"more, fewer",1,FEWER,"color, geo, icon",1,geo,0
bdotqhk,1,1643,training,bar,4,celery,carrot,carrot,ArrowRight,"more, fewer",1,FEWER,"color, geo, icon",1,geo,1
bdotqhk,1,3301,training,bar,16,mushroom,olive,olive,ArrowRight,"more, fewer",1,FEWER,"color, geo, icon",1,geo,2
bdotqhk,1,3419,real,bar,5,olive,celery,olive,ArrowLeft,"more, fewer",1,FEWER,"color, geo, icon",1,geo,0
bdotqhk,1,1866,real,bar,9,mushroom,corn,corn,ArrowRight,"more, fewer",1,FEWER,"color, geo, icon",1,geo,1
bdotqhk,1,1039,real,bar,4,mushroom,carrot,mushroom,ArrowLeft,"more, fewer",1,FEWER,"color, geo, icon",1,geo,2
bdotqhk,1,2676,real,bar,8,celery,corn,celery,ArrowLeft,"more, fewer",1,FEWER,"color, geo, icon",1,geo,3
bdotqhk,1,2742,real,bar,7,corn,mushroom,mushroom,ArrowRight,"more, fewer",1,FEWER,"color, geo, icon",1,geo,4
bdotqhk,1,1319,real,bar,2,celery,mushroom,celery,ArrowLeft,"more, fewer",1,FEWER,"color, geo, icon",1,geo,5
bdotqhk,1,2401,real,bar,3,corn,olive,olive,ArrowRight,"more, fewer",1,FEWER,"color, geo, icon",1,geo,6
bdotqhk,1,2147,real,bar,0,eggplant,corn,eggplant,ArrowLeft,"more, fewer",1,FEWER,"color, geo, icon",1,geo,7
bdotqhk,1,1603,real,bar,6,mushroom,olive,olive,ArrowRight,"more, fewer",1,FEWER,"color, geo, icon",1,geo,8
bdotqhk,1,891,real,bar,1,corn,tomato,corn,ArrowLeft,"more, fewer",1,FEWER,"color, geo, icon",1,geo,9
bdotqhk,-1,5000,training,bar,6,celery,mushroom,mushroom,none,"more, fewer",1,FEWER,"color, geo, icon",2,icon,0
bdotqhk,1,1326,training,bar,9,mushroom,eggplant,eggplant,ArrowRight,"more, fewer",1,FEWER,"color, geo, icon",2,icon,1
bdotqhk,1,1932,training,bar,13,olive,carrot,olive,ArrowLeft,"more, fewer",1,FEWER,"color, geo, icon",2,icon,2
bdotqhk,1,1223,real,bar,9,mushroom,corn,corn,ArrowRight,"more, fewer",1,FEWER,"color, geo, icon",2,icon,0
bdotqhk,1,2675,real,bar,8,celery,corn,celery,ArrowLeft,"more, fewer",1,FEWER,"color, geo, icon",2,icon,1
bdotqhk,1,1524,real,bar,3,corn,olive,olive,ArrowRight,"more, fewer",1,FEWER,"color, geo, icon",2,icon,2
bdotqhk,1,1784,real,bar,6,mushroom,olive,olive,ArrowRight,"more, fewer",1,FEWER,"color, geo, icon",2,icon,3
bdotqhk,1,791,real,bar,4,mushroom,carrot,mushroom,ArrowLeft,"more, fewer",1,FEWER,"color, geo, icon",2,icon,4
bdotqhk,1,1291,real,bar,1,corn,tomato,corn,ArrowLeft,"more, fewer",1,FEWER,"color, geo, icon",2,icon,5
bdotqhk,1,2669,real,bar,0,eggplant,corn,eggplant,ArrowLeft,"more, fewer",1,FEWER,"color, geo, icon",2,icon,6
bdotqhk,1,842,real,bar,2,celery,mushroom,celery,ArrowLeft,"more, fewer",1,FEWER,"color, geo, icon",2,icon,7
bdotqhk,1,2612,real,bar,5,olive,celery,olive,ArrowLeft,"more, fewer",1,FEWER,"color, geo, icon",2,icon,8
bdotqhk,1,2154,real,bar,7,corn,mushroom,mushroom,ArrowRight,"more, fewer",1,FEWER,"color, geo, icon",2,icon,9
fkzvuch,-1,5000,training,pie,23,olive,carrot,carrot,none,"fewer, more",0,FEWER,"geo, color, icon",0,geo,0
fkzvuch,1,2627,training,pie,2,mushroom,tomato,tomato,ArrowRight,"fewer, more",0,FEWER,"geo, color, icon",0,geo,1
fkzvuch,1,2485,training,pie,11,carrot,tomato,carrot,ArrowLeft,"fewer, more",0,FEWER,"geo, color, icon",0,geo,2
fkzvuch,1,2356,real,pie,7,mushroom,corn,mushroom,ArrowLeft,"fewer, more",0,FEWER,"geo, color, icon",0,geo,0
fkzvuch,1,2879,real,pie,5,celery,olive,olive,ArrowRight,"fewer, more",0,FEWER,"geo, color, icon",0,geo,1
fkzvuch,1,2280,real,pie,6,olive,mushroom,olive,ArrowLeft,"fewer, more",0,FEWER,"geo, color, icon",0,geo,2
fkzvuch,1,3948,real,pie,4,carrot,mushroom,mushroom,ArrowRight,"fewer, more",0,FEWER,"geo, color, icon",0,geo,3
fkzvuch,1,2532,real,pie,9,corn,mushroom,corn,ArrowLeft,"fewer, more",0,FEWER,"geo, color, icon",0,geo,4
fkzvuch,1,4162,real,pie,0,eggplant,corn,eggplant,ArrowLeft,"fewer, more",0,FEWER,"geo, color, icon",0,geo,5
fkzvuch,1,2566,real,pie,1,tomato,corn,corn,ArrowRight,"fewer, more",0,FEWER,"geo, color, icon",0,geo,6
fkzvuch,1,2399,real,pie,3,olive,corn,olive,ArrowLeft,"fewer, more",0,FEWER,"geo, color, icon",0,geo,7
fkzvuch,1,1565,real,pie,2,mushroom,celery,celery,ArrowRight,"fewer, more",0,FEWER,"geo, color, icon",0,geo,8
fkzvuch,1,1184,real,pie,8,corn,celery,celery,ArrowRight,"fewer, more",0,FEWER,"geo, color, icon",0,geo,9
fkzvuch,1,3250,training,pie,11,carrot,tomato,carrot,ArrowLeft,"fewer, more",0,FEWER,"geo, color, icon",1,color,0
fkzvuch,1,3181,training,pie,5,olive,carrot,carrot,ArrowRight,"fewer, more",0,FEWER,"geo, color, icon",1,color,1
fkzvuch,1,3802,training,pie,0,carrot,corn,corn,ArrowRight,"fewer, more",0,FEWER,"geo, color, icon",1,color,2
fkzvuch,1,1877,real,pie,4,carrot,mushroom,mushroom,ArrowRight,"fewer, more",0,FEWER,"geo, color, icon",1,color,0
fkzvuch,1,2331,real,pie,8,corn,celery,celery,ArrowRight,"fewer, more",0,FEWER,"geo, color, icon",1,color,1
fkzvuch,1,3622,real,pie,9,corn,mushroom,corn,ArrowLeft,"fewer, more",0,FEWER,"geo, color, icon",1,color,2
fkzvuch,1,2066,real,pie,0,eggplant,corn,eggplant,ArrowLeft,"fewer, more",0,FEWER,"geo, color, icon",1,color,3
fkzvuch,0,3436,real,pie,7,mushroom,corn,mushroom,ArrowRight,"fewer, more",0,FEWER,"geo, color, icon",1,color,4
fkzvuch,1,2960,real,pie,5,celery,olive,olive,ArrowRight,"fewer, more",0,FEWER,"geo, color, icon",1,color,5
fkzvuch,1,2382,real,pie,3,olive,corn,olive,ArrowLeft,"fewer, more",0,FEWER,"geo, color, icon",1,color,6
fkzvuch,1,2429,real,pie,1,tomato,corn,corn,ArrowRight,"fewer, more",0,FEWER,"geo, color, icon",1,color,7
fkzvuch,1,2553,real,pie,2,mushroom,celery,celery,ArrowRight,"fewer, more",0,FEWER,"geo, color, icon",1,color,8
fkzvuch,1,3372,real,pie,6,olive,mushroom,olive,ArrowLeft,"fewer, more",0,FEWER,"geo, color, icon",1,color,9
fkzvuch,1,4164,training,pie,7,celery,eggplant,eggplant,ArrowRight,"fewer, more",0,FEWER,"geo, color, icon",2,icon,0
fkzvuch,1,4869,training,pie,4,carrot,celery,carrot,ArrowLeft,"fewer, more",0,FEWER,"geo, color, icon",2,icon,1
fkzvuch,-1,5000,training,pie,14,tomato,eggplant,eggplant,none,"fewer, more",0,FEWER,"geo, color, icon",2,icon,2
fkzvuch,0,2462,real,pie,2,mushroom,celery,celery,ArrowLeft,"fewer, more",0,FEWER,"geo, color, icon",2,icon,0
fkzvuch,1,2540,real,pie,6,olive,mushroom,olive,ArrowLeft,"fewer, more",0,FEWER,"geo, color, icon",2,icon,1
fkzvuch,1,2924,real,pie,5,celery,olive,olive,ArrowRight,"fewer, more",0,FEWER,"geo, color, icon",2,icon,2
fkzvuch,1,3276,real,pie,3,olive,corn,olive,ArrowLeft,"fewer, more",0,FEWER,"geo, color, icon",2,icon,3
fkzvuch,1,1735,real,pie,4,carrot,mushroom,mushroom,ArrowRight,"fewer, more",0,FEWER,"geo, color, icon",2,icon,4
fkzvuch,1,1644,real,pie,8,corn,celery,celery,ArrowRight,"fewer, more",0,FEWER,"geo, color, icon",2,icon,5
fkzvuch,1,3390,real,pie,7,mushroom,corn,mushroom,ArrowLeft,"fewer, more",0,FEWER,"geo, color, icon",2,icon,6
fkzvuch,1,2842,real,pie,0,eggplant,corn,eggplant,ArrowLeft,"fewer, more",0,FEWER,"geo, color, icon",2,icon,7
fkzvuch,1,2558,real,pie,9,corn,mushroom,corn,ArrowLeft,"fewer, more",0,FEWER,"geo, color, icon",2,icon,8
fkzvuch,1,2507,real,pie,1,tomato,corn,corn,ArrowRight,"fewer, more",0,FEWER,"geo, color, icon",2,icon,9
fkzvuch,0,2416,training,pie,7,celery,eggplant,celery,ArrowRight,"fewer, more",1,MORE,"icon, geo, color",0,icon,0
fkzvuch,1,3164,training,pie,7,celery,eggplant,celery,ArrowLeft,"fewer, more",1,MORE,"icon, geo, color",0,icon,1
fkzvuch,1,2083,training,pie,22,mushroom,corn,corn,ArrowRight,"fewer, more",1,MORE,"icon, geo, color",0,icon,2
fkzvuch,1,3177,real,pie,2,mushroom,celery,mushroom,ArrowLeft,"fewer, more",1,MORE,"icon, geo, color",0,icon,0
fkzvuch,1,4210,real,pie,6,olive,mushroom,mushroom,ArrowRight,"fewer, more",1,MORE,"icon, geo, color",0,icon,1
fkzvuch,1,2222,real,pie,5,celery,olive,celery,ArrowLeft,"fewer, more",1,MORE,"icon, geo, color",0,icon,2
fkzvuch,1,3055,real,pie,3,olive,corn,corn,ArrowRight,"fewer, more",1,MORE,"icon, geo, color",0,icon,3
fkzvuch,1,2057,real,pie,4,carrot,mushroom,carrot,ArrowLeft,"fewer, more",1,MORE,"icon, geo, color",0,icon,4
fkzvuch,1,851,real,pie,8,corn,celery,corn,ArrowLeft,"fewer, more",1,MORE,"icon, geo, color",0,icon,5
fkzvuch,1,1517,real,pie,7,mushroom,corn,corn,ArrowRight,"fewer, more",1,MORE,"icon, geo, color",0,icon,6
fkzvuch,1,3803,real,pie,0,eggplant,corn,corn,ArrowRight,"fewer, more",1,MORE,"icon, geo, color",0,icon,7
fkzvuch,0,1793,real,pie,9,corn,mushroom,mushroom,ArrowLeft,"fewer, more",1,MORE,"icon, geo, color",0,icon,8
fkzvuch,1,1886,real,pie,1,tomato,corn,tomato,ArrowLeft,"fewer, more",1,MORE,"icon, geo, color",0,icon,9
fkzvuch,1,934,training,pie,3,celery,carrot,celery,ArrowLeft,"fewer, more",1,MORE,"icon, geo, color",1,geo,0
fkzvuch,1,942,training,pie,20,tomato,eggplant,eggplant,ArrowRight,"fewer, more",1,MORE,"icon, geo, color",1,geo,1
fkzvuch,1,2112,training,pie,17,mushroom,corn,mushroom,ArrowLeft,"fewer, more",1,MORE,"icon, geo, color",1,geo,2
fkzvuch,1,1385,real,pie,7,mushroom,corn,corn,ArrowRight,"fewer, more",1,MORE,"icon, geo, color",1,geo,0
fkzvuch,1,725,real,pie,5,celery,olive,celery,ArrowLeft,"fewer, more",1,MORE,"icon, geo, color",1,geo,1
fkzvuch,1,2414,real,pie,6,olive,mushroom,mushroom,ArrowRight,"fewer, more",1,MORE,"icon, geo, color",1,geo,2
fkzvuch,1,1994,real,pie,4,carrot,mushroom,carrot,ArrowLeft,"fewer, more",1,MORE,"icon, geo, color",1,geo,3
fkzvuch,0,1969,real,pie,9,corn,mushroom,mushroom,ArrowLeft,"fewer, more",1,MORE,"icon, geo, color",1,geo,4
fkzvuch,1,1543,real,pie,0,eggplant,corn,corn,ArrowRight,"fewer, more",1,MORE,"icon, geo, color",1,geo,5
fkzvuch,1,2244,real,pie,1,tomato,corn,tomato,ArrowLeft,"fewer, more",1,MORE,"icon, geo, color",1,geo,6
fkzvuch,1,2212,real,pie,3,olive,corn,corn,ArrowRight,"fewer, more",1,MORE,"icon, geo, color",1,geo,7
fkzvuch,1,1024,real,pie,2,mushroom,celery,mushroom,ArrowLeft,"fewer, more",1,MORE,"icon, geo, color",1,geo,8
fkzvuch,1,2665,real,pie,8,corn,celery,corn,ArrowLeft,"fewer, more",1,MORE,"icon, geo, color",1,geo,9
fkzvuch,1,4087,training,pie,13,carrot,olive,carrot,ArrowLeft,"fewer, more",1,MORE,"icon, geo, color",2,color,0
fkzvuch,0,754,training,pie,12,corn,celery,corn,ArrowRight,"fewer, more",1,MORE,"icon, geo, color",2,color,1
fkzvuch,0,220,training,pie,12,corn,celery,corn,ArrowRight,"fewer, more",1,MORE,"icon, geo, color",2,color,2
fkzvuch,1,2017,real,pie,4,carrot,mushroom,carrot,ArrowLeft,"fewer, more",1,MORE,"icon, geo, color",2,color,0
fkzvuch,1,968,real,pie,8,corn,celery,corn,ArrowLeft,"fewer, more",1,MORE,"icon, geo, color",2,color,1
fkzvuch,1,2553,real,pie,9,corn,mushroom,mushroom,ArrowRight,"fewer, more",1,MORE,"icon, geo, color",2,color,2
fkzvuch,1,2306,real,pie,0,eggplant,corn,corn,ArrowRight,"fewer, more",1,MORE,"icon, geo, color",2,color,3
fkzvuch,0,1672,real,pie,7,mushroom,corn,corn,ArrowLeft,"fewer, more",1,MORE,"icon, geo, color",2,color,4
fkzvuch,0,2443,real,pie,5,celery,olive,celery,ArrowRight,"fewer, more",1,MORE,"icon, geo, color",2,color,5
fkzvuch,1,2708,real,pie,3,olive,corn,corn,ArrowRight,"fewer, more",1,MORE,"icon, geo, color",2,color,6
fkzvuch,1,2941,real,pie,1,tomato,corn,tomato,ArrowLeft,"fewer, more",1,MORE,"icon, geo, color",2,color,7
fkzvuch,1,2454,real,pie,2,mushroom,celery,mushroom,ArrowLeft,"fewer, more",1,MORE,"icon, geo, color",2,color,8
fkzvuch,1,2772,real,pie,6,olive,mushroom,mushroom,ArrowRight,"fewer, more",1,MORE,"icon, geo, color",2,color,9
gmsjizx,0,2264,training,bar,13,olive,carrot,carrot,ArrowLeft,"more, fewer",0,MORE,"geo, icon, color",0,geo,0
gmsjizx,0,2915,training,bar,26,mushroom,olive,olive,ArrowLeft,"more, fewer",0,MORE,"geo, icon, color",0,geo,1
gmsjizx,1,3121,training,bar,22,corn,mushroom,corn,ArrowLeft,"more, fewer",0,MORE,"geo, icon, color",0,geo,2
gmsjizx,0,1668,real,bar,9,mushroom,corn,mushroom,ArrowRight,"more, fewer",0,MORE,"geo, icon, color",0,geo,0
gmsjizx,1,2758,real,bar,4,mushroom,carrot,carrot,ArrowRight,"more, fewer",0,MORE,"geo, icon, color",0,geo,1
gmsjizx,1,3313,real,bar,7,corn,mushroom,corn,ArrowLeft,"more, fewer",0,MORE,"geo, icon, color",0,geo,2
gmsjizx,1,1663,real,bar,3,corn,olive,corn,ArrowLeft,"more, fewer",0,MORE,"geo, icon, color",0,geo,3
gmsjizx,1,2784,real,bar,6,mushroom,olive,mushroom,ArrowLeft,"more, fewer",0,MORE,"geo, icon, color",0,geo,4
gmsjizx,1,1495,real,bar,8,celery,corn,corn,ArrowRight,"more, fewer",0,MORE,"geo, icon, color",0,geo,5
gmsjizx,1,2716,real,bar,2,celery,mushroom,mushroom,ArrowRight,"more, fewer",0,MORE,"geo, icon, color",0,geo,6
gmsjizx,0,1945,real,bar,5,olive,celery,celery,ArrowLeft,"more, fewer",0,MORE,"geo, icon, color",0,geo,7
gmsjizx,0,1640,real,bar,0,eggplant,corn,corn,ArrowLeft,"more, fewer",0,MORE,"geo, icon, color",0,geo,8
gmsjizx,0,2638,real,bar,1,corn,tomato,tomato,ArrowLeft,"more, fewer",0,MORE,"geo, icon, color",0,geo,9
gmsjizx,1,2395,training,bar,8,olive,eggplant,eggplant,ArrowRight,"more, fewer",0,MORE,"geo, icon, color",1,icon,0
gmsjizx,1,1321,training,bar,20,eggplant,tomato,eggplant,ArrowLeft,"more, fewer",0,MORE,"geo, icon, color",1,icon,1
gmsjizx,1,2501,training,bar,16,mushroom,olive,mushroom,ArrowLeft,"more, fewer",0,MORE,"geo, icon, color",1,icon,2
gmsjizx,0,2487,real,bar,2,celery,mushroom,mushroom,ArrowLeft,"more, fewer",0,MORE,"geo, icon, color",1,icon,0
gmsjizx,1,2514,real,bar,4,mushroom,carrot,carrot,ArrowRight,"more, fewer",0,MORE,"geo, icon, color",1,icon,1
gmsjizx,0,3029,real,bar,5,olive,celery,celery,ArrowLeft,"more, fewer",0,MORE,"geo, icon, color",1,icon,2
gmsjizx,0,2764,real,bar,8,celery,corn,corn,ArrowLeft,"more, fewer",0,MORE,"geo, icon, color",1,icon,3
gmsjizx,1,4828,real,bar,3,corn,olive,corn,ArrowLeft,"more, fewer",0,MORE,"geo, icon, color",1,icon,4
gmsjizx,1,2114,real,bar,7,corn,mushroom,corn,ArrowLeft,"more, fewer",0,MORE,"geo, icon, color",1,icon,5
gmsjizx,1,3408,real,bar,1,corn,tomato,tomato,ArrowRight,"more, fewer",0,MORE,"geo, icon, color",1,icon,6
gmsjizx,1,4124,real,bar,9,mushroom,corn,mushroom,ArrowLeft,"more, fewer",0,MORE,"geo, icon, color",1,icon,7
gmsjizx,1,3595,real,bar,6,mushroom,olive,mushroom,ArrowLeft,"more, fewer",0,MORE,"geo, icon, color",1,icon,8
gmsjizx,1,4419,real,bar,0,eggplant,corn,corn,ArrowRight,"more, fewer",0,MORE,"geo, icon, color",1,icon,9
gmsjizx,1,1449,training,bar,25,corn,eggplant,corn,ArrowLeft,"more, fewer",0,MORE,"geo, icon, color",2,color,0
gmsjizx,1,2874,training,bar,5,olive,carrot,olive,ArrowLeft,"more, fewer",0,MORE,"geo, icon, color",2,color,1
gmsjizx,1,2784,training,bar,22,corn,mushroom,corn,ArrowLeft,"more, fewer",0,MORE,"geo, icon, color",2,color,2
gmsjizx,1,1353,real,bar,7,corn,mushroom,corn,ArrowLeft,"more, fewer",0,MORE,"geo, icon, color",2,color,0
gmsjizx,1,2032,real,bar,5,olive,celery,celery,ArrowRight,"more, fewer",0,MORE,"geo, icon, color",2,color,1
gmsjizx,1,2278,real,bar,6,mushroom,olive,mushroom,ArrowLeft,"more, fewer",0,MORE,"geo, icon, color",2,color,2
gmsjizx,1,1385,real,bar,8,celery,corn,corn,ArrowRight,"more, fewer",0,MORE,"geo, icon, color",2,color,3
gmsjizx,1,3444,real,bar,4,mushroom,carrot,carrot,ArrowRight,"more, fewer",0,MORE,"geo, icon, color",2,color,4
gmsjizx,1,1781,real,bar,3,corn,olive,corn,ArrowLeft,"more, fewer",0,MORE,"geo, icon, color",2,color,5
gmsjizx,1,2660,real,bar,2,celery,mushroom,mushroom,ArrowRight,"more, fewer",0,MORE,"geo, icon, color",2,color,6
gmsjizx,0,4191,real,bar,9,mushroom,corn,mushroom,ArrowRight,"more, fewer",0,MORE,"geo, icon, color",2,color,7
gmsjizx,1,2405,real,bar,0,eggplant,corn,corn,ArrowRight,"more, fewer",0,MORE,"geo, icon, color",2,color,8
gmsjizx,1,2214,real,bar,1,corn,tomato,tomato,ArrowRight,"more, fewer",0,MORE,"geo, icon, color",2,color,9
gmsjizx,1,2670,training,bar,9,mushroom,eggplant,eggplant,ArrowRight,"more, fewer",1,FEWER,"geo, color, icon",0,geo,0
gmsjizx,1,2616,training,bar,19,carrot,eggplant,eggplant,ArrowRight,"more, fewer",1,FEWER,"geo, color, icon",0,geo,1
gmsjizx,0,3550,training,bar,25,corn,eggplant,eggplant,ArrowLeft,"more, fewer",1,FEWER,"geo, color, icon",0,geo,2
gmsjizx,0,2784,real,bar,9,mushroom,corn,corn,ArrowLeft,"more, fewer",1,FEWER,"geo, color, icon",0,geo,0
gmsjizx,1,3864,real,bar,4,mushroom,carrot,mushroom,ArrowLeft,"more, fewer",1,FEWER,"geo, color, icon",0,geo,1
gmsjizx,1,2902,real,bar,7,corn,mushroom,mushroom,ArrowRight,"more, fewer",1,FEWER,"geo, color, icon",0,geo,2
gmsjizx,1,1732,real,bar,3,corn,olive,olive,ArrowRight,"more, fewer",1,FEWER,"geo, color, icon",0,geo,3
gmsjizx,1,1691,real,bar,6,mushroom,olive,olive,ArrowRight,"more, fewer",1,FEWER,"geo, color, icon",0,geo,4
gmsjizx,1,2385,real,bar,8,celery,corn,celery,ArrowLeft,"more, fewer",1,FEWER,"geo, color, icon",0,geo,5
gmsjizx,0,2146,real,bar,2,celery,mushroom,celery,ArrowRight,"more, fewer",1,FEWER,"geo, color, icon",0,geo,6
gmsjizx,1,2384,real,bar,5,olive,celery,olive,ArrowLeft,"more, fewer",1,FEWER,"geo, color, icon",0,geo,7
gmsjizx,0,3259,real,bar,0,eggplant,corn,eggplant,ArrowRight,"more, fewer",1,FEWER,"geo, color, icon",0,geo,8
gmsjizx,1,4983,real,bar,1,corn,tomato,corn,ArrowLeft,"more, fewer",1,FEWER,"geo, color, icon",0,geo,9
gmsjizx,1,2776,training,bar,1,corn,mushroom,corn,ArrowLeft,"more, fewer",1,FEWER,"geo, color, icon",1,color,0
gmsjizx,1,3205,training,bar,6,celery,mushroom,mushroom,ArrowRight,"more, fewer",1,FEWER,"geo, color, icon",1,color,1
gmsjizx,1,2402,training,bar,25,corn,eggplant,eggplant,ArrowRight,"more, fewer",1,FEWER,"geo, color, icon",1,color,2
gmsjizx,1,3437,real,bar,7,corn,mushroom,mushroom,ArrowRight,"more, fewer",1,FEWER,"geo, color, icon",1,color,0
gmsjizx,1,3328,real,bar,5,olive,celery,olive,ArrowLeft,"more, fewer",1,FEWER,"geo, color, icon",1,color,1
gmsjizx,1,2897,real,bar,6,mushroom,olive,olive,ArrowRight,"more, fewer",1,FEWER,"geo, color, icon",1,color,2
gmsjizx,1,1623,real,bar,8,celery,corn,celery,ArrowLeft,"more, fewer",1,FEWER,"geo, color, icon",1,color,3
gmsjizx,1,1897,real,bar,4,mushroom,carrot,mushroom,ArrowLeft,"more, fewer",1,FEWER,"geo, color, icon",1,color,4
gmsjizx,1,3400,real,bar,3,corn,olive,olive,ArrowRight,"more, fewer",1,FEWER,"geo, color, icon",1,color,5
gmsjizx,1,2256,real,bar,2,celery,mushroom,celery,ArrowLeft,"more, fewer",1,FEWER,"geo, color, icon",1,color,6
gmsjizx,1,1390,real,bar,9,mushroom,corn,corn,ArrowRight,"more, fewer",1,FEWER,"geo, color, icon",1,color,7
gmsjizx,1,2520,real,bar,0,eggplant,corn,eggplant,ArrowLeft,"more, fewer",1,FEWER,"geo, color, icon",1,color,8
gmsjizx,1,4163,real,bar,1,corn,tomato,corn,ArrowLeft,"more, fewer",1,FEWER,"geo, color, icon",1,color,9
gmsjizx,1,3353,training,bar,5,olive,carrot,carrot,ArrowRight,"more, fewer",1,FEWER,"geo, color, icon",2,icon,0
gmsjizx,1,2907,training,bar,12,celery,corn,celery,ArrowLeft,"more, fewer",1,FEWER,"geo, color, icon",2,icon,1
gmsjizx,1,4538,training,bar,12,celery,corn,celery,ArrowLeft,"more, fewer",1,FEWER,"geo, color, icon",2,icon,2
gmsjizx,1,2917,real,bar,2,celery,mushroom,celery,ArrowLeft,"more, fewer",1,FEWER,"geo, color, icon",2,icon,0
gmsjizx,1,3604,real,bar,4,mushroom,carrot,mushroom,ArrowLeft,"more, fewer",1,FEWER,"geo, color, icon",2,icon,1
gmsjizx,1,3258,real,bar,5,olive,celery,olive,ArrowLeft,"more, fewer",1,FEWER,"geo, color, icon",2,icon,2
gmsjizx,1,1380,real,bar,8,celery,corn,celery,ArrowLeft,"more, fewer",1,FEWER,"geo, color, icon",2,icon,3
gmsjizx,0,3431,real,bar,3,corn,olive,olive,ArrowLeft,"more, fewer",1,FEWER,"geo, color, icon",2,icon,4
gmsjizx,1,1801,real,bar,7,corn,mushroom,mushroom,ArrowRight,"more, fewer",1,FEWER,"geo, color, icon",2,icon,5
gmsjizx,1,2310,real,bar,1,corn,tomato,corn,ArrowLeft,"more, fewer",1,FEWER,"geo, color, icon",2,icon,6
gmsjizx,0,2411,real,bar,9,mushroom,corn,corn,ArrowLeft,"more, fewer",1,FEWER,"geo, color, icon",2,icon,7
gmsjizx,1,1453,real,bar,6,mushroom,olive,olive,ArrowRight,"more, fewer",1,FEWER,"geo, color, icon",2,icon,8
gmsjizx,1,4065,real,bar,0,eggplant,corn,eggplant,ArrowLeft,"more, fewer",1,FEWER,"geo, color, icon",2,icon,9
hqcjtae,1,2115,training,bar,4,celery,carrot,celery,ArrowLeft,"more, fewer",0,MORE,"color, geo, icon",0,color,0
hqcjtae,1,2186,training,bar,11,tomato,carrot,tomato,ArrowLeft,"more, fewer",0,MORE,"color, geo, icon",0,color,1
hqcjtae,1,1512,training,bar,17,corn,mushroom,mushroom,ArrowRight,"more, fewer",0,MORE,"color, geo, icon",0,color,2
hqcjtae,1,1910,real,bar,0,eggplant,corn,corn,ArrowRight,"more, fewer",0,MORE,"color, geo, icon",0,color,0
hqcjtae,1,1930,real,bar,9,mushroom,corn,mushroom,ArrowLeft,"more, fewer",0,MORE,"color, geo, icon",0,color,1
hqcjtae,1,2272,real,bar,7,corn,mushroom,corn,ArrowLeft,"more, fewer",0,MORE,"color, geo, icon",0,color,2
hqcjtae,1,1676,real,bar,2,celery,mushroom,mushroom,ArrowRight,"more, fewer",0,MORE,"color, geo, icon",0,color,3
hqcjtae,1,1783,real,bar,4,mushroom,carrot,carrot,ArrowRight,"more, fewer",0,MORE,"color, geo, icon",0,color,4
hqcjtae,1,2903,real,bar,8,celery,corn,corn,ArrowRight,"more, fewer",0,MORE,"color, geo, icon",0,color,5
hqcjtae,1,2530,real,bar,5,olive,celery,celery,ArrowRight,"more, fewer",0,MORE,"color, geo, icon",0,color,6
hqcjtae,1,1982,real,bar,6,mushroom,olive,mushroom,ArrowLeft,"more, fewer",0,MORE,"color, geo, icon",0,color,7
hqcjtae,1,1581,real,bar,1,corn,tomato,tomato,ArrowRight,"more, fewer",0,MORE,"color, geo, icon",0,color,8
hqcjtae,1,1525,real,bar,3,corn,olive,corn,ArrowLeft,"more, fewer",0,MORE,"color, geo, icon",0,color,9
hqcjtae,1,3352,training,bar,13,olive,carrot,carrot,ArrowRight,"more, fewer",0,MORE,"color, geo, icon",1,geo,0
hqcjtae,1,1450,training,bar,12,celery,corn,corn,ArrowRight,"more, fewer",0,MORE,"color, geo, icon",1,geo,1
hqcjtae,1,1814,training,bar,21,mushroom,eggplant,mushroom,ArrowLeft,"more, fewer",0,MORE,"color, geo, icon",1,geo,2
hqcjtae,1,1566,real,bar,1,corn,tomato,tomato,ArrowRight,"more, fewer",0,MORE,"color, geo, icon",1,geo,0
hqcjtae,1,1956,real,bar,6,mushroom,olive,mushroom,ArrowLeft,"more, fewer",0,MORE,"color, geo, icon",1,geo,1
hqcjtae,1,1757,real,bar,0,eggplant,corn,corn,ArrowRight,"more, fewer",0,MORE,"color, geo, icon",1,geo,2
hqcjtae,1,4578,real,bar,9,mushroom,corn,mushroom,ArrowLeft,"more, fewer",0,MORE,"color, geo, icon",1,geo,3
hqcjtae,1,1936,real,bar,3,corn,olive,corn,ArrowLeft,"more, fewer",0,MORE,"color, geo, icon",1,geo,4
hqcjtae,1,1825,real,bar,4,mushroom,carrot,carrot,ArrowRight,"more, fewer",0,MORE,"color, geo, icon",1,geo,5
hqcjtae,1,2408,real,bar,7,corn,mushroom,corn,ArrowLeft,"more, fewer",0,MORE,"color, geo, icon",1,geo,6
hqcjtae,1,2021,real,bar,5,olive,celery,celery,ArrowRight,"more, fewer",0,MORE,"color, geo, icon",1,geo,7
hqcjtae,1,2023,real,bar,8,celery,corn,corn,ArrowRight,"more, fewer",0,MORE,"color, geo, icon",1,geo,8
hqcjtae,1,1882,real,bar,2,celery,mushroom,mushroom,ArrowRight,"more, fewer",0,MORE,"color, geo, icon",1,geo,9
hqcjtae,1,1741,training,bar,28,mushroom,celery,mushroom,ArrowLeft,"more, fewer",0,MORE,"color, geo, icon",2,icon,0
hqcjtae,1,1501,training,bar,13,olive,carrot,carrot,ArrowRight,"more, fewer",0,MORE,"color, geo, icon",2,icon,1
hqcjtae,1,1719,training,bar,8,olive,eggplant,eggplant,ArrowRight,"more, fewer",0,MORE,"color, geo, icon",2,icon,2
hqcjtae,1,1925,real,bar,8,celery,corn,corn,ArrowRight,"more, fewer",0,MORE,"color, geo, icon",2,icon,0
hqcjtae,1,1768,real,bar,7,corn,mushroom,corn,ArrowLeft,"more, fewer",0,MORE,"color, geo, icon",2,icon,1
hqcjtae,1,1752,real,bar,4,mushroom,carrot,carrot,ArrowRight,"more, fewer",0,MORE,"color, geo, icon",2,icon,2
hqcjtae,1,2398,real,bar,2,celery,mushroom,mushroom,ArrowRight,"more, fewer",0,MORE,"color, geo, icon",2,icon,3
hqcjtae,1,1901,real,bar,0,eggplant,corn,corn,ArrowRight,"more, fewer",0,MORE,"color, geo, icon",2,icon,4
hqcjtae,1,1493,real,bar,9,mushroom,corn,mushroom,ArrowLeft,"more, fewer",0,MORE,"color, geo, icon",2,icon,5
hqcjtae,1,1609,real,bar,3,corn,olive,corn,ArrowLeft,"more, fewer",0,MORE,"color, geo, icon",2,icon,6
hqcjtae,1,1528,real,bar,5,olive,celery,celery,ArrowRight,"more, fewer",0,MORE,"color, geo, icon",2,icon,7
hqcjtae,0,1473,real,bar,6,mushroom,olive,mushroom,ArrowRight,"more, fewer",0,MORE,"color, geo, icon",2,icon,8
hqcjtae,1,1589,real,bar,1,corn,tomato,tomato,ArrowRight,"more, fewer",0,MORE,"color, geo, icon",2,icon,9
hqcjtae,1,2725,training,bar,5,olive,carrot,carrot,ArrowRight,"more, fewer",1,FEWER,"geo, color, icon",0,geo,0
hqcjtae,1,2409,training,bar,17,corn,mushroom,corn,ArrowLeft,"more, fewer",1,FEWER,"geo, color, icon",0,geo,1
hqcjtae,1,2959,training,bar,1,corn,mushroom,corn,ArrowLeft,"more, fewer",1,FEWER,"geo, color, icon",0,geo,2
hqcjtae,1,1800,real,bar,1,corn,tomato,corn,ArrowLeft,"more, fewer",1,FEWER,"geo, color, icon",0,geo,0
hqcjtae,1,1643,real,bar,6,mushroom,olive,olive,ArrowRight,"more, fewer",1,FEWER,"geo, color, icon",0,geo,1
hqcjtae,1,2221,real,bar,0,eggplant,corn,eggplant,ArrowLeft,"more, fewer",1,FEWER,"geo, color, icon",0,geo,2
hqcjtae,0,1152,real,bar,9,mushroom,corn,corn,ArrowLeft,"more, fewer",1,FEWER,"geo, color, icon",0,geo,3
hqcjtae,1,1638,real,bar,3,corn,olive,olive,ArrowRight,"more, fewer",1,FEWER,"geo, color, icon",0,geo,4
hqcjtae,1,2733,real,bar,4,mushroom,carrot,mushroom,ArrowLeft,"more, fewer",1,FEWER,"geo, color, icon",0,geo,5
hqcjtae,1,3421,real,bar,7,corn,mushroom,mushroom,ArrowRight,"more, fewer",1,FEWER,"geo, color, icon",0,geo,6
hqcjtae,1,2220,real,bar,5,olive,celery,olive,ArrowLeft,"more, fewer",1,FEWER,"geo, color, icon",0,geo,7
hqcjtae,1,1883,real,bar,8,celery,corn,celery,ArrowLeft,"more, fewer",1,FEWER,"geo, color, icon",0,geo,8
hqcjtae,1,1684,real,bar,2,celery,mushroom,celery,ArrowLeft,"more, fewer",1,FEWER,"geo, color, icon",0,geo,9
hqcjtae,1,1421,training,bar,22,corn,mushroom,mushroom,ArrowRight,"more, fewer",1,FEWER,"geo, color, icon",1,color,0
hqcjtae,1,1383,training,bar,21,mushroom,eggplant,eggplant,ArrowRight,"more, fewer",1,FEWER,"geo, color, icon",1,color,1
hqcjtae,1,1830,training,bar,25,corn,eggplant,eggplant,ArrowRight,"more, fewer",1,FEWER,"geo, color, icon",1,color,2
hqcjtae,1,2578,real,bar,0,eggplant,corn,eggplant,ArrowLeft,"more, fewer",1,FEWER,"geo, color, icon",1,color,0
hqcjtae,1,1171,real,bar,9,mushroom,corn,corn,ArrowRight,"more, fewer",1,FEWER,"geo, color, icon",1,color,1
hqcjtae,1,1335,real,bar,7,corn,mushroom,mushroom,ArrowRight,"more, fewer",1,FEWER,"geo, color, icon",1,color,2
hqcjtae,1,1718,real,bar,2,celery,mushroom,celery,ArrowLeft,"more, fewer",1,FEWER,"geo, color, icon",1,color,3
hqcjtae,1,1856,real,bar,4,mushroom,carrot,mushroom,ArrowLeft,"more, fewer",1,FEWER,"geo, color, icon",1,color,4
hqcjtae,1,2520,real,bar,8,celery,corn,celery,ArrowLeft,"more, fewer",1,FEWER,"geo, color, icon",1,color,5
hqcjtae,1,2647,real,bar,5,olive,celery,olive,ArrowLeft,"more, fewer",1,FEWER,"geo, color, icon",1,color,6
hqcjtae,1,1728,real,bar,6,mushroom,olive,olive,ArrowRight,"more, fewer",1,FEWER,"geo, color, icon",1,color,7
hqcjtae,1,1957,real,bar,1,corn,tomato,corn,ArrowLeft,"more, fewer",1,FEWER,"geo, color, icon",1,color,8
hqcjtae,1,1479,real,bar,3,corn,olive,olive,ArrowRight,"more, fewer",1,FEWER,"geo, color, icon",1,color,9
hqcjtae,1,2136,training,bar,12,celery,corn,celery,ArrowLeft,"more, fewer",1,FEWER,"geo, color, icon",2,icon,0
hqcjtae,1,1619,training,bar,21,mushroom,eggplant,eggplant,ArrowRight,"more, fewer",1,FEWER,"geo, color, icon",2,icon,1
hqcjtae,1,1544,training,bar,12,celery,corn,celery,ArrowLeft,"more, fewer",1,FEWER,"geo, color, icon",2,icon,2
hqcjtae,1,3289,real,bar,8,celery,corn,celery,ArrowLeft,"more, fewer",1,FEWER,"geo, color, icon",2,icon,0
hqcjtae,1,2421,real,bar,7,corn,mushroom,mushroom,ArrowRight,"more, fewer",1,FEWER,"geo, color, icon",2,icon,1
hqcjtae,1,1696,real,bar,4,mushroom,carrot,mushroom,ArrowLeft,"more, fewer",1,FEWER,"geo, color, icon",2,icon,2
hqcjtae,1,1714,real,bar,2,celery,mushroom,celery,ArrowLeft,"more, fewer",1,FEWER,"geo, color, icon",2,icon,3
hqcjtae,1,2948,real,bar,0,eggplant,corn,eggplant,ArrowLeft,"more, fewer",1,FEWER,"geo, color, icon",2,icon,4
hqcjtae,1,2628,real,bar,9,mushroom,corn,corn,ArrowRight,"more, fewer",1,FEWER,"geo, color, icon",2,icon,5
hqcjtae,0,2664,real,bar,3,corn,olive,olive,ArrowLeft,"more, fewer",1,FEWER,"geo, color, icon",2,icon,6
hqcjtae,1,2220,real,bar,5,olive,celery,olive,ArrowLeft,"more, fewer",1,FEWER,"geo, color, icon",2,icon,7
hqcjtae,1,2443,real,bar,6,mushroom,olive,olive,ArrowRight,"more, fewer",1,FEWER,"geo, color, icon",2,icon,8
hqcjtae,1,1613,real,bar,1,corn,tomato,corn,ArrowLeft,"more, fewer",1,FEWER,"geo, color, icon",2,icon,9
ialmjuh,0,840,training,pie,5,olive,carrot,carrot,ArrowLeft,"fewer, more",0,FEWER,"geo, icon, color",0,geo,0
ialmjuh,1,2780,training,pie,11,carrot,tomato,carrot,ArrowLeft,"fewer, more",0,FEWER,"geo, icon, color",0,geo,1
ialmjuh,1,1265,training,pie,11,carrot,tomato,carrot,ArrowLeft,"fewer, more",0,FEWER,"geo, icon, color",0,geo,2
ialmjuh,0,1635,real,pie,5,celery,olive,olive,ArrowLeft,"fewer, more",0,FEWER,"geo, icon, color",0,geo,0
ialmjuh,1,4878,real,pie,9,corn,mushroom,corn,ArrowLeft,"fewer, more",0,FEWER,"geo, icon, color",0,geo,1
ialmjuh,1,3059,real,pie,3,olive,corn,olive,ArrowLeft,"fewer, more",0,FEWER,"geo, icon, color",0,geo,2
ialmjuh,1,2550,real,pie,2,mushroom,celery,celery,ArrowRight,"fewer, more",0,FEWER,"geo, icon, color",0,geo,3
ialmjuh,1,3511,real,pie,7,mushroom,corn,mushroom,ArrowLeft,"fewer, more",0,FEWER,"geo, icon, color",0,geo,4
ialmjuh,1,1799,real,pie,8,corn,celery,celery,ArrowRight,"fewer, more",0,FEWER,"geo, icon, color",0,geo,5
ialmjuh,1,4065,real,pie,0,eggplant,corn,eggplant,ArrowLeft,"fewer, more",0,FEWER,"geo, icon, color",0,geo,6
ialmjuh,-1,5000,real,pie,4,carrot,mushroom,mushroom,none,"fewer, more",0,FEWER,"geo, icon, color",0,geo,7
ialmjuh,0,2009,real,pie,6,olive,mushroom,olive,ArrowRight,"fewer, more",0,FEWER,"geo, icon, color",0,geo,8
ialmjuh,1,4782,real,pie,1,tomato,corn,corn,ArrowRight,"fewer, more",0,FEWER,"geo, icon, color",0,geo,9
ialmjuh,0,4625,training,pie,12,corn,celery,celery,ArrowLeft,"fewer, more",0,FEWER,"geo, icon, color",1,icon,0
ialmjuh,0,3811,training,pie,21,eggplant,mushroom,eggplant,ArrowRight,"fewer, more",0,FEWER,"geo, icon, color",1,icon,1
ialmjuh,1,4770,training,pie,7,celery,eggplant,eggplant,ArrowRight,"fewer, more",0,FEWER,"geo, icon, color",1,icon,2
ialmjuh,1,3711,real,pie,0,eggplant,corn,eggplant,ArrowLeft,"fewer, more",0,FEWER,"geo, icon, color",1,icon,0
ialmjuh,1,3555,real,pie,4,carrot,mushroom,mushroom,ArrowRight,"fewer, more",0,FEWER,"geo, icon, color",1,icon,1
ialmjuh,-1,5000,real,pie,6,olive,mushroom,olive,none,"fewer, more",0,FEWER,"geo, icon, color",1,icon,2
ialmjuh,1,2083,real,pie,7,mushroom,corn,mushroom,ArrowLeft,"fewer, more",0,FEWER,"geo, icon, color",1,icon,3
ialmjuh,1,1677,real,pie,5,celery,olive,olive,ArrowRight,"fewer, more",0,FEWER,"geo, icon, color",1,icon,4
ialmjuh,1,2477,real,pie,2,mushroom,celery,celery,ArrowRight,"fewer, more",0,FEWER,"geo, icon, color",1,icon,5
ialmjuh,0,2611,real,pie,3,olive,corn,olive,ArrowRight,"fewer, more",0,FEWER,"geo, icon, color",1,icon,6
ialmjuh,1,3440,real,pie,1,tomato,corn,corn,ArrowRight,"fewer, more",0,FEWER,"geo, icon, color",1,icon,7
ialmjuh,1,1340,real,pie,8,corn,celery,celery,ArrowRight,"fewer, more",0,FEWER,"geo, icon, color",1,icon,8
ialmjuh,1,3512,real,pie,9,corn,mushroom,corn,ArrowLeft,"fewer, more",0,FEWER,"geo, icon, color",1,icon,9
ialmjuh,-1,5000,training,pie,5,olive,carrot,carrot,none,"fewer, more",0,FEWER,"geo, icon, color",2,color,0
ialmjuh,-1,5000,training,pie,25,eggplant,corn,eggplant,none,"fewer, more",0,FEWER,"geo, icon, color",2,color,1
ialmjuh,1,2443,training,pie,18,eggplant,corn,corn,ArrowRight,"fewer, more",0,FEWER,"geo, icon, color",2,color,2
ialmjuh,0,3044,real,pie,3,olive,corn,olive,ArrowRight,"fewer, more",0,FEWER,"geo, icon, color",2,color,0
ialmjuh,1,2430,real,pie,8,corn,celery,celery,ArrowRight,"fewer, more",0,FEWER,"geo, icon, color",2,color,1
ialmjuh,1,3198,real,pie,1,tomato,corn,corn,ArrowRight,"fewer, more",0,FEWER,"geo, icon, color",2,color,2
ialmjuh,1,1676,real,pie,9,corn,mushroom,corn,ArrowLeft,"fewer, more",0,FEWER,"geo, icon, color",2,color,3
ialmjuh,1,3092,real,pie,5,celery,olive,olive,ArrowRight,"fewer, more",0,FEWER,"geo, icon, color",2,color,4
ialmjuh,1,3077,real,pie,4,carrot,mushroom,mushroom,ArrowRight,"fewer, more",0,FEWER,"geo, icon, color",2,color,5
ialmjuh,1,2013,real,pie,2,mushroom,celery,celery,ArrowRight,"fewer, more",0,FEWER,"geo, icon, color",2,color,6
ialmjuh,0,1959,real,pie,7,mushroom,corn,mushroom,ArrowRight,"fewer, more",0,FEWER,"geo, icon, color",2,color,7
ialmjuh,1,1993,real,pie,6,olive,mushroom,olive,ArrowLeft,"fewer, more",0,FEWER,"geo, icon, color",2,color,8
ialmjuh,1,2480,real,pie,0,eggplant,corn,eggplant,ArrowLeft,"fewer, more",0,FEWER,"geo, icon, color",2,color,9
ialmjuh,1,3436,training,pie,5,olive,carrot,olive,ArrowLeft,"fewer, more",1,MORE,"icon, geo, color",0,icon,0
ialmjuh,1,3723,training,pie,6,celery,mushroom,celery,ArrowLeft,"fewer, more",1,MORE,"icon, geo, color",0,icon,1
ialmjuh,1,1019,training,pie,5,olive,carrot,olive,ArrowLeft,"fewer, more",1,MORE,"icon, geo, color",0,icon,2
ialmjuh,1,1937,real,pie,0,eggplant,corn,corn,ArrowRight,"fewer, more",1,MORE,"icon, geo, color",0,icon,0
ialmjuh,1,2397,real,pie,4,carrot,mushroom,carrot,ArrowLeft,"fewer, more",1,MORE,"icon, geo, color",0,icon,1
ialmjuh,1,1976,real,pie,6,olive,mushroom,mushroom,ArrowRight,"fewer, more",1,MORE,"icon, geo, color",0,icon,2
ialmjuh,1,3028,real,pie,7,mushroom,corn,corn,ArrowRight,"fewer, more",1,MORE,"icon, geo, color",0,icon,3
ialmjuh,1,1856,real,pie,5,celery,olive,celery,ArrowLeft,"fewer, more",1,MORE,"icon, geo, color",0,icon,4
ialmjuh,1,3586,real,pie,2,mushroom,celery,mushroom,ArrowLeft,"fewer, more",1,MORE,"icon, geo, color",0,icon,5
ialmjuh,1,2853,real,pie,3,olive,corn,corn,ArrowRight,"fewer, more",1,MORE,"icon, geo, color",0,icon,6
ialmjuh,1,2188,real,pie,1,tomato,corn,tomato,ArrowLeft,"fewer, more",1,MORE,"icon, geo, color",0,icon,7
ialmjuh,1,731,real,pie,8,corn,celery,corn,ArrowLeft,"fewer, more",1,MORE,"icon, geo, color",0,icon,8
ialmjuh,1,1559,real,pie,9,corn,mushroom,mushroom,ArrowRight,"fewer, more",1,MORE,"icon, geo, color",0,icon,9
ialmjuh,1,2381,training,pie,4,carrot,celery,celery,ArrowRight,"fewer, more",1,MORE,"icon, geo, color",1,geo,0
ialmjuh,1,3777,training,pie,3,celery,carrot,celery,ArrowLeft,"fewer, more",1,MORE,"icon, geo, color",1,geo,1
ialmjuh,1,2856,training,pie,6,celery,mushroom,celery,ArrowLeft,"fewer, more",1,MORE,"icon, geo, color",1,geo,2
ialmjuh,1,763,real,pie,5,celery,olive,celery,ArrowLeft,"fewer, more",1,MORE,"icon, geo, color",1,geo,0
ialmjuh,1,2851,real,pie,9,corn,mushroom,mushroom,ArrowRight,"fewer, more",1,MORE,"icon, geo, color",1,geo,1
ialmjuh,0,2048,real,pie,3,olive,corn,corn,ArrowLeft,"fewer, more",1,MORE,"icon, geo, color",1,geo,2
ialmjuh,1,2639,real,pie,2,mushroom,celery,mushroom,ArrowLeft,"fewer, more",1,MORE,"icon, geo, color",1,geo,3
ialmjuh,1,1593,real,pie,7,mushroom,corn,corn,ArrowRight,"fewer, more",1,MORE,"icon, geo, color",1,geo,4
ialmjuh,1,1065,real,pie,8,corn,celery,corn,ArrowLeft,"fewer, more",1,MORE,"icon, geo, color",1,geo,5
ialmjuh,1,2490,real,pie,0,eggplant,corn,corn,ArrowRight,"fewer, more",1,MORE,"icon, geo, color",1,geo,6
ialmjuh,1,1766,real,pie,4,carrot,mushroom,carrot,ArrowLeft,"fewer, more",1,MORE,"icon, geo, color",1,geo,7
ialmjuh,1,3542,real,pie,6,olive,mushroom,mushroom,ArrowRight,"fewer, more",1,MORE,"icon, geo, color",1,geo,8
ialmjuh,-1,5000,real,pie,1,tomato,corn,tomato,none,"fewer, more",1,MORE,"icon, geo, color",1,geo,9
ialmjuh,1,2987,training,pie,3,celery,carrot,celery,ArrowLeft,"fewer, more",1,MORE,"icon, geo, color",2,color,0
ialmjuh,1,2765,training,pie,9,eggplant,mushroom,mushroom,ArrowRight,"fewer, more",1,MORE,"icon, geo, color",2,color,1
ialmjuh,0,2161,training,pie,24,mushroom,celery,celery,ArrowLeft,"fewer, more",1,MORE,"icon, geo, color",2,color,2
ialmjuh,1,2604,real,pie,3,olive,corn,corn,ArrowRight,"fewer, more",1,MORE,"icon, geo, color",2,color,0
ialmjuh,1,876,real,pie,8,corn,celery,corn,ArrowLeft,"fewer, more",1,MORE,"icon, geo, color",2,color,1
ialmjuh,1,1406,real,pie,1,tomato,corn,tomato,ArrowLeft,"fewer, more",1,MORE,"icon, geo, color",2,color,2
ialmjuh,1,2905,real,pie,9,corn,mushroom,mushroom,ArrowRight,"fewer, more",1,MORE,"icon, geo, color",2,color,3
ialmjuh,1,1261,real,pie,5,celery,olive,celery,ArrowLeft,"fewer, more",1,MORE,"icon, geo, color",2,color,4
ialmjuh,1,3060,real,pie,4,carrot,mushroom,carrot,ArrowLeft,"fewer, more",1,MORE,"icon, geo, color",2,color,5
ialmjuh,1,2863,real,pie,2,mushroom,celery,mushroom,ArrowLeft,"fewer, more",1,MORE,"icon, geo, color",2,color,6
ialmjuh,1,2007,real,pie,7,mushroom,corn,corn,ArrowRight,"fewer, more",1,MORE,"icon, geo, color",2,color,7
ialmjuh,1,1744,real,pie,6,olive,mushroom,mushroom,ArrowRight,"fewer, more",1,MORE,"icon, geo, color",2,color,8
ialmjuh,0,1896,real,pie,0,eggplant,corn,corn,ArrowLeft,"fewer, more",1,MORE,"icon, geo, color",2,color,9
idupafk,0,928,training,pie,24,mushroom,celery,celery,ArrowLeft,"more, fewer",0,MORE,"color, geo, icon",0,color,0
idupafk,1,2921,training,pie,17,mushroom,corn,mushroom,ArrowLeft,"more, fewer",0,MORE,"color, geo, icon",0,color,1
idupafk,1,3793,training,pie,17,mushroom,corn,mushroom,ArrowLeft,"more, fewer",0,MORE,"color, geo, icon",0,color,2
idupafk,1,3000,real,pie,9,corn,mushroom,mushroom,ArrowRight,"more, fewer",0,MORE,"color, geo, icon",0,color,0
idupafk,1,2794,real,pie,6,olive,mushroom,mushroom,ArrowRight,"more, fewer",0,MORE,"color, geo, icon",0,color,1
idupafk,1,3985,real,pie,8,corn,celery,corn,ArrowLeft,"more, fewer",0,MORE,"color, geo, icon",0,color,2
idupafk,1,2377,real,pie,3,olive,corn,corn,ArrowRight,"more, fewer",0,MORE,"color, geo, icon",0,color,3
idupafk,1,2577,real,pie,1,tomato,corn,tomato,ArrowLeft,"more, fewer",0,MORE,"color, geo, icon",0,color,4
idupafk,1,2801,real,pie,7,mushroom,corn,corn,ArrowRight,"more, fewer",0,MORE,"color, geo, icon",0,color,5
idupafk,1,2593,real,pie,0,eggplant,corn,corn,ArrowRight,"more, fewer",0,MORE,"color, geo, icon",0,color,6
idupafk,1,2945,real,pie,2,mushroom,celery,mushroom,ArrowLeft,"more, fewer",0,MORE,"color, geo, icon",0,color,7
idupafk,1,4385,real,pie,5,celery,olive,celery,ArrowLeft,"more, fewer",0,MORE,"color, geo, icon",0,color,8
idupafk,1,2761,real,pie,4,carrot,mushroom,carrot,ArrowLeft,"more, fewer",0,MORE,"color, geo, icon",0,color,9
idupafk,1,2975,training,pie,23,olive,carrot,olive,ArrowLeft,"more, fewer",0,MORE,"color, geo, icon",1,geo,0
idupafk,1,2169,training,pie,21,eggplant,mushroom,mushroom,ArrowRight,"more, fewer",0,MORE,"color, geo, icon",1,geo,1
idupafk,1,1753,training,pie,6,celery,mushroom,celery,ArrowLeft,"more, fewer",0,MORE,"color, geo, icon",1,geo,2
idupafk,-1,5000,real,pie,4,carrot,mushroom,carrot,none,"more, fewer",0,MORE,"color, geo, icon",1,geo,0
idupafk,1,3488,real,pie,2,mushroom,celery,mushroom,ArrowLeft,"more, fewer",0,MORE,"color, geo, icon",1,geo,1
idupafk,1,2897,real,pie,3,olive,corn,corn,ArrowRight,"more, fewer",0,MORE,"color, geo, icon",1,geo,2
idupafk,1,3545,real,pie,1,tomato,corn,tomato,ArrowLeft,"more, fewer",0,MORE,"color, geo, icon",1,geo,3
idupafk,0,2489,real,pie,5,celery,olive,celery,ArrowRight,"more, fewer",0,MORE,"color, geo, icon",1,geo,4
idupafk,1,2271,real,pie,0,eggplant,corn,corn,ArrowRight,"more, fewer",0,MORE,"color, geo, icon",1,geo,5
idupafk,1,3360,real,pie,9,corn,mushroom,mushroom,ArrowRight,"more, fewer",0,MORE,"color, geo, icon",1,geo,6
idupafk,1,1784,real,pie,7,mushroom,corn,corn,ArrowRight,"more, fewer",0,MORE,"color, geo, icon",1,geo,7
idupafk,1,2369,real,pie,6,olive,mushroom,mushroom,ArrowRight,"more, fewer",0,MORE,"color, geo, icon",1,geo,8
idupafk,1,1600,real,pie,8,corn,celery,corn,ArrowLeft,"more, fewer",0,MORE,"color, geo, icon",1,geo,9
idupafk,1,1743,training,pie,20,tomato,eggplant,eggplant,ArrowRight,"more, fewer",0,MORE,"color, geo, icon",2,icon,0
idupafk,-1,5000,training,pie,8,olive,eggplant,eggplant,none,"more, fewer",0,MORE,"color, geo, icon",2,icon,1
idupafk,1,2112,training,pie,23,olive,carrot,olive,ArrowLeft,"more, fewer",0,MORE,"color, geo, icon",2,icon,2
idupafk,1,2744,real,pie,7,mushroom,corn,corn,ArrowRight,"more, fewer",0,MORE,"color, geo, icon",2,icon,0
idupafk,1,3817,real,pie,2,mushroom,celery,mushroom,ArrowLeft,"more, fewer",0,MORE,"color, geo, icon",2,icon,1
idupafk,1,3264,real,pie,9,corn,mushroom,mushroom,ArrowRight,"more, fewer",0,MORE,"color, geo, icon",2,icon,2
idupafk,1,1472,real,pie,3,olive,corn,corn,ArrowRight,"more, fewer",0,MORE,"color, geo, icon",2,icon,3
idupafk,1,2114,real,pie,6,olive,mushroom,mushroom,ArrowRight,"more, fewer",0,MORE,"color, geo, icon",2,icon,4
idupafk,1,3297,real,pie,0,eggplant,corn,corn,ArrowRight,"more, fewer",0,MORE,"color, geo, icon",2,icon,5
idupafk,1,4641,real,pie,4,carrot,mushroom,carrot,ArrowLeft,"more, fewer",0,MORE,"color, geo, icon",2,icon,6
idupafk,1,3040,real,pie,5,celery,olive,celery,ArrowLeft,"more, fewer",0,MORE,"color, geo, icon",2,icon,7
idupafk,1,1513,real,pie,8,corn,celery,corn,ArrowLeft,"more, fewer",0,MORE,"color, geo, icon",2,icon,8
idupafk,1,3513,real,pie,1,tomato,corn,tomato,ArrowLeft,"more, fewer",0,MORE,"color, geo, icon",2,icon,9
idupafk,1,3809,training,pie,16,olive,mushroom,olive,ArrowLeft,"more, fewer",1,FEWER,"geo, color, icon",0,geo,0
idupafk,1,2664,training,pie,20,tomato,eggplant,tomato,ArrowLeft,"more, fewer",1,FEWER,"geo, color, icon",0,geo,1
idupafk,1,2792,training,pie,19,eggplant,carrot,eggplant,ArrowLeft,"more, fewer",1,FEWER,"geo, color, icon",0,geo,2
idupafk,1,4322,real,pie,4,carrot,mushroom,mushroom,ArrowRight,"more, fewer",1,FEWER,"geo, color, icon",0,geo,0
idupafk,1,3456,real,pie,2,mushroom,celery,celery,ArrowRight,"more, fewer",1,FEWER,"geo, color, icon",0,geo,1
idupafk,0,3289,real,pie,3,olive,corn,olive,ArrowRight,"more, fewer",1,FEWER,"geo, color, icon",0,geo,2
idupafk,1,4096,real,pie,1,tomato,corn,corn,ArrowRight,"more, fewer",1,FEWER,"geo, color, icon",0,geo,3
idupafk,1,4218,real,pie,5,celery,olive,olive,ArrowRight,"more, fewer",1,FEWER,"geo, color, icon",0,geo,4
idupafk,1,2848,real,pie,0,eggplant,corn,eggplant,ArrowLeft,"more, fewer",1,FEWER,"geo, color, icon",0,geo,5
idupafk,1,3081,real,pie,9,corn,mushroom,corn,ArrowLeft,"more, fewer",1,FEWER,"geo, color, icon",0,geo,6
idupafk,1,2407,real,pie,7,mushroom,corn,mushroom,ArrowLeft,"more, fewer",1,FEWER,"geo, color, icon",0,geo,7
idupafk,1,1344,real,pie,6,olive,mushroom,olive,ArrowLeft,"more, fewer",1,FEWER,"geo, color, icon",0,geo,8
idupafk,0,1777,real,pie,8,corn,celery,celery,ArrowLeft,"more, fewer",1,FEWER,"geo, color, icon",0,geo,9
idupafk,1,4841,training,pie,20,tomato,eggplant,tomato,ArrowLeft,"more, fewer",1,FEWER,"geo, color, icon",1,color,0
idupafk,1,2200,training,pie,13,carrot,olive,olive,ArrowRight,"more, fewer",1,FEWER,"geo, color, icon",1,color,1
idupafk,1,1840,training,pie,6,celery,mushroom,mushroom,ArrowRight,"more, fewer",1,FEWER,"geo, color, icon",1,color,2
idupafk,1,5001,real,pie,9,corn,mushroom,corn,ArrowLeft,"more, fewer",1,FEWER,"geo, color, icon",1,color,0
idupafk,1,1559,real,pie,6,olive,mushroom,olive,ArrowLeft,"more, fewer",1,FEWER,"geo, color, icon",1,color,1
idupafk,1,1648,real,pie,8,corn,celery,celery,ArrowRight,"more, fewer",1,FEWER,"geo, color, icon",1,color,2
idupafk,1,3161,real,pie,3,olive,corn,olive,ArrowLeft,"more, fewer",1,FEWER,"geo, color, icon",1,color,3
idupafk,1,3257,real,pie,1,tomato,corn,corn,ArrowRight,"more, fewer",1,FEWER,"geo, color, icon",1,color,4
idupafk,1,3073,real,pie,7,mushroom,corn,mushroom,ArrowLeft,"more, fewer",1,FEWER,"geo, color, icon",1,color,5
idupafk,1,4585,real,pie,0,eggplant,corn,eggplant,ArrowLeft,"more, fewer",1,FEWER,"geo, color, icon",1,color,6
idupafk,1,3552,real,pie,2,mushroom,celery,celery,ArrowRight,"more, fewer",1,FEWER,"geo, color, icon",1,color,7
idupafk,1,1441,real,pie,5,celery,olive,olive,ArrowRight,"more, fewer",1,FEWER,"geo, color, icon",1,color,8
idupafk,1,2744,real,pie,4,carrot,mushroom,mushroom,ArrowRight,"more, fewer",1,FEWER,"geo, color, icon",1,color,9
idupafk,1,3609,training,pie,21,eggplant,mushroom,eggplant,ArrowLeft,"more, fewer",1,FEWER,"geo, color, icon",2,icon,0
idupafk,-1,5000,training,pie,8,olive,eggplant,olive,none,"more, fewer",1,FEWER,"geo, color, icon",2,icon,1
idupafk,1,2200,training,pie,26,olive,mushroom,mushroom,ArrowRight,"more, fewer",1,FEWER,"geo, color, icon",2,icon,2
idupafk,1,3280,real,pie,7,mushroom,corn,mushroom,ArrowLeft,"more, fewer",1,FEWER,"geo, color, icon",2,icon,0
idupafk,1,1904,real,pie,2,mushroom,celery,celery,ArrowRight,"more, fewer",1,FEWER,"geo, color, icon",2,icon,1
idupafk,0,1721,real,pie,9,corn,mushroom,corn,ArrowRight,"more, fewer",1,FEWER,"geo, color, icon",2,icon,2
idupafk,0,1952,real,pie,3,olive,corn,olive,ArrowRight,"more, fewer",1,FEWER,"geo, color, icon",2,icon,3
idupafk,1,1296,real,pie,6,olive,mushroom,olive,ArrowLeft,"more, fewer",1,FEWER,"geo, color, icon",2,icon,4
idupafk,1,3913,real,pie,0,eggplant,corn,eggplant,ArrowLeft,"more, fewer",1,FEWER,"geo, color, icon",2,icon,5
idupafk,-1,5000,real,pie,4,carrot,mushroom,mushroom,none,"more, fewer",1,FEWER,"geo, color, icon",2,icon,6
idupafk,1,4113,real,pie,5,celery,olive,olive,ArrowRight,"more, fewer",1,FEWER,"geo, color, icon",2,icon,7
idupafk,1,1200,real,pie,8,corn,celery,celery,ArrowRight,"more, fewer",1,FEWER,"geo, color, icon",2,icon,8
idupafk,1,2569,real,pie,1,tomato,corn,corn,ArrowRight,"more, fewer",1,FEWER,"geo, color, icon",2,icon,9
jqulntz,-1,5000,training,pie,17,mushroom,corn,corn,none,"fewer, more",0,FEWER,"geo, color, icon",0,geo,0
jqulntz,1,2477,training,pie,25,eggplant,corn,eggplant,ArrowLeft,"fewer, more",0,FEWER,"geo, color, icon",0,geo,1
jqulntz,1,2682,training,pie,15,eggplant,tomato,eggplant,ArrowLeft,"fewer, more",0,FEWER,"geo, color, icon",0,geo,2
jqulntz,1,2626,real,pie,3,olive,corn,olive,ArrowLeft,"fewer, more",0,FEWER,"geo, color, icon",0,geo,0
jqulntz,1,3849,real,pie,6,olive,mushroom,olive,ArrowLeft,"fewer, more",0,FEWER,"geo, color, icon",0,geo,1
jqulntz,1,3042,real,pie,2,mushroom,celery,celery,ArrowRight,"fewer, more",0,FEWER,"geo, color, icon",0,geo,2
jqulntz,1,2744,real,pie,9,corn,mushroom,corn,ArrowLeft,"fewer, more",0,FEWER,"geo, color, icon",0,geo,3
jqulntz,0,1992,real,pie,7,mushroom,corn,mushroom,ArrowRight,"fewer, more",0,FEWER,"geo, color, icon",0,geo,4
jqulntz,1,2576,real,pie,8,corn,celery,celery,ArrowRight,"fewer, more",0,FEWER,"geo, color, icon",0,geo,5
jqulntz,1,2139,real,pie,5,celery,olive,olive,ArrowRight,"fewer, more",0,FEWER,"geo, color, icon",0,geo,6
jqulntz,-1,5000,real,pie,4,carrot,mushroom,mushroom,none,"fewer, more",0,FEWER,"geo, color, icon",0,geo,7
jqulntz,0,2931,real,pie,0,eggplant,corn,eggplant,ArrowRight,"fewer, more",0,FEWER,"geo, color, icon",0,geo,8
jqulntz,1,3591,real,pie,1,tomato,corn,corn,ArrowRight,"fewer, more",0,FEWER,"geo, color, icon",0,geo,9
jqulntz,1,4084,training,pie,0,carrot,corn,corn,ArrowRight,"fewer, more",0,FEWER,"geo, color, icon",1,color,0
jqulntz,1,2541,training,pie,20,tomato,eggplant,tomato,ArrowLeft,"fewer, more",0,FEWER,"geo, color, icon",1,color,1
jqulntz,1,3337,training,pie,21,eggplant,mushroom,eggplant,ArrowLeft,"fewer, more",0,FEWER,"geo, color, icon",1,color,2
jqulntz,1,2500,real,pie,4,carrot,mushroom,mushroom,ArrowRight,"fewer, more",0,FEWER,"geo, color, icon",1,color,0
jqulntz,1,1878,real,pie,8,corn,celery,celery,ArrowRight,"fewer, more",0,FEWER,"geo, color, icon",1,color,1
jqulntz,1,2707,real,pie,2,mushroom,celery,celery,ArrowRight,"fewer, more",0,FEWER,"geo, color, icon",1,color,2
jqulntz,1,2262,real,pie,1,tomato,corn,corn,ArrowRight,"fewer, more",0,FEWER,"geo, color, icon",1,color,3
jqulntz,1,2784,real,pie,0,eggplant,corn,eggplant,ArrowLeft,"fewer, more",0,FEWER,"geo, color, icon",1,color,4
jqulntz,1,3676,real,pie,6,olive,mushroom,olive,ArrowLeft,"fewer, more",0,FEWER,"geo, color, icon",1,color,5
jqulntz,0,2635,real,pie,7,mushroom,corn,mushroom,ArrowRight,"fewer, more",0,FEWER,"geo, color, icon",1,color,6
jqulntz,1,2674,real,pie,5,celery,olive,olive,ArrowRight,"fewer, more",0,FEWER,"geo, color, icon",1,color,7
jqulntz,1,3156,real,pie,3,olive,corn,olive,ArrowLeft,"fewer, more",0,FEWER,"geo, color, icon",1,color,8
jqulntz,1,2704,real,pie,9,corn,mushroom,corn,ArrowLeft,"fewer, more",0,FEWER,"geo, color, icon",1,color,9
jqulntz,1,3627,training,pie,10,eggplant,celery,eggplant,ArrowLeft,"fewer, more",0,FEWER,"geo, color, icon",2,icon,0
jqulntz,1,2288,training,pie,25,eggplant,corn,eggplant,ArrowLeft,"fewer, more",0,FEWER,"geo, color, icon",2,icon,1
jqulntz,1,3837,training,pie,20,tomato,eggplant,tomato,ArrowLeft,"fewer, more",0,FEWER,"geo, color, icon",2,icon,2
jqulntz,1,2759,real,pie,2,mushroom,celery,celery,ArrowRight,"fewer, more",0,FEWER,"geo, color, icon",2,icon,0
jqulntz,1,1338,real,pie,8,corn,celery,celery,ArrowRight,"fewer, more",0,FEWER,"geo, color, icon",2,icon,1
jqulntz,1,4176,real,pie,5,celery,olive,olive,ArrowRight,"fewer, more",0,FEWER,"geo, color, icon",2,icon,2
jqulntz,1,3449,real,pie,1,tomato,corn,corn,ArrowRight,"fewer, more",0,FEWER,"geo, color, icon",2,icon,3
jqulntz,1,3957,real,pie,0,eggplant,corn,eggplant,ArrowLeft,"fewer, more",0,FEWER,"geo, color, icon",2,icon,4
jqulntz,1,2283,real,pie,6,olive,mushroom,olive,ArrowLeft,"fewer, more",0,FEWER,"geo, color, icon",2,icon,5
jqulntz,1,2308,real,pie,9,corn,mushroom,corn,ArrowLeft,"fewer, more",0,FEWER,"geo, color, icon",2,icon,6
jqulntz,0,4851,real,pie,7,mushroom,corn,mushroom,ArrowRight,"fewer, more",0,FEWER,"geo, color, icon",2,icon,7
jqulntz,1,2328,real,pie,4,carrot,mushroom,mushroom,ArrowRight,"fewer, more",0,FEWER,"geo, color, icon",2,icon,8
jqulntz,1,2813,real,pie,3,olive,corn,olive,ArrowLeft,"fewer, more",0,FEWER,"geo, color, icon",2,icon,9
jqulntz,1,4541,training,pie,23,olive,carrot,olive,ArrowLeft,"fewer, more",1,MORE,"geo, icon, color",0,geo,0
jqulntz,1,3596,training,pie,7,celery,eggplant,celery,ArrowLeft,"fewer, more",1,MORE,"geo, icon, color",0,geo,1
jqulntz,1,3921,training,pie,27,corn,olive,corn,ArrowLeft,"fewer, more",1,MORE,"geo, icon, color",0,geo,2
jqulntz,1,2879,real,pie,3,olive,corn,corn,ArrowRight,"fewer, more",1,MORE,"geo, icon, color",0,geo,0
jqulntz,1,2228,real,pie,6,olive,mushroom,mushroom,ArrowRight,"fewer, more",1,MORE,"geo, icon, color",0,geo,1
jqulntz,1,3743,real,pie,2,mushroom,celery,mushroom,ArrowLeft,"fewer, more",1,MORE,"geo, icon, color",0,geo,2
jqulntz,1,3950,real,pie,9,corn,mushroom,mushroom,ArrowRight,"fewer, more",1,MORE,"geo, icon, color",0,geo,3
jqulntz,1,1549,real,pie,7,mushroom,corn,corn,ArrowRight,"fewer, more",1,MORE,"geo, icon, color",0,geo,4
jqulntz,1,1056,real,pie,8,corn,celery,corn,ArrowLeft,"fewer, more",1,MORE,"geo, icon, color",0,geo,5
jqulntz,0,3280,real,pie,5,celery,olive,celery,ArrowRight,"fewer, more",1,MORE,"geo, icon, color",0,geo,6
jqulntz,1,4180,real,pie,4,carrot,mushroom,carrot,ArrowLeft,"fewer, more",1,MORE,"geo, icon, color",0,geo,7
jqulntz,1,2513,real,pie,0,eggplant,corn,corn,ArrowRight,"fewer, more",1,MORE,"geo, icon, color",0,geo,8
jqulntz,1,2526,real,pie,1,tomato,corn,tomato,ArrowLeft,"fewer, more",1,MORE,"geo, icon, color",0,geo,9
jqulntz,1,3535,training,pie,24,mushroom,celery,celery,ArrowRight,"fewer, more",1,MORE,"geo, icon, color",1,icon,0
jqulntz,1,2087,training,pie,25,eggplant,corn,corn,ArrowRight,"fewer, more",1,MORE,"geo, icon, color",1,icon,1
jqulntz,1,3788,training,pie,2,mushroom,tomato,mushroom,ArrowLeft,"fewer, more",1,MORE,"geo, icon, color",1,icon,2
jqulntz,1,1779,real,pie,2,mushroom,celery,mushroom,ArrowLeft,"fewer, more",1,MORE,"geo, icon, color",1,icon,0
jqulntz,1,1539,real,pie,8,corn,celery,corn,ArrowLeft,"fewer, more",1,MORE,"geo, icon, color",1,icon,1
jqulntz,1,3205,real,pie,5,celery,olive,celery,ArrowLeft,"fewer, more",1,MORE,"geo, icon, color",1,icon,2
jqulntz,1,3986,real,pie,1,tomato,corn,tomato,ArrowLeft,"fewer, more",1,MORE,"geo, icon, color",1,icon,3
jqulntz,1,3255,real,pie,0,eggplant,corn,corn,ArrowRight,"fewer, more",1,MORE,"geo, icon, color",1,icon,4
jqulntz,1,2705,real,pie,6,olive,mushroom,mushroom,ArrowRight,"fewer, more",1,MORE,"geo, icon, color",1,icon,5
jqulntz,0,3932,real,pie,9,corn,mushroom,mushroom,ArrowLeft,"fewer, more",1,MORE,"geo, icon, color",1,icon,6
jqulntz,1,3195,real,pie,7,mushroom,corn,corn,ArrowRight,"fewer, more",1,MORE,"geo, icon, color",1,icon,7
jqulntz,0,4234,real,pie,4,carrot,mushroom,carrot,ArrowRight,"fewer, more",1,MORE,"geo, icon, color",1,icon,8
jqulntz,0,2730,real,pie,3,olive,corn,corn,ArrowLeft,"fewer, more",1,MORE,"geo, icon, color",1,icon,9
jqulntz,1,3563,training,pie,3,celery,carrot,celery,ArrowLeft,"fewer, more",1,MORE,"geo, icon, color",2,color,0
jqulntz,-1,5000,training,pie,13,carrot,olive,carrot,none,"fewer, more",1,MORE,"geo, icon, color",2,color,1
jqulntz,1,1764,training,pie,9,eggplant,mushroom,mushroom,ArrowRight,"fewer, more",1,MORE,"geo, icon, color",2,color,2
jqulntz,1,3095,real,pie,4,carrot,mushroom,carrot,ArrowLeft,"fewer, more",1,MORE,"geo, icon, color",2,color,0
jqulntz,1,1396,real,pie,8,corn,celery,corn,ArrowLeft,"fewer, more",1,MORE,"geo, icon, color",2,color,1
jqulntz,1,2251,real,pie,2,mushroom,celery,mushroom,ArrowLeft,"fewer, more",1,MORE,"geo, icon, color",2,color,2
jqulntz,1,2324,real,pie,1,tomato,corn,tomato,ArrowLeft,"fewer, more",1,MORE,"geo, icon, color",2,color,3
jqulntz,1,2509,real,pie,0,eggplant,corn,corn,ArrowRight,"fewer, more",1,MORE,"geo, icon, color",2,color,4
jqulntz,1,3256,real,pie,6,olive,mushroom,mushroom,ArrowRight,"fewer, more",1,MORE,"geo, icon, color",2,color,5
jqulntz,1,2270,real,pie,7,mushroom,corn,corn,ArrowRight,"fewer, more",1,MORE,"geo, icon, color",2,color,6
jqulntz,0,2897,real,pie,5,celery,olive,celery,ArrowRight,"fewer, more",1,MORE,"geo, icon, color",2,color,7
jqulntz,1,3402,real,pie,3,olive,corn,corn,ArrowRight,"fewer, more",1,MORE,"geo, icon, color",2,color,8
jqulntz,1,3417,real,pie,9,corn,mushroom,mushroom,ArrowRight,"fewer, more",1,MORE,"geo, icon, color",2,color,9
jzndiye,0,3448,training,pie,6,celery,mushroom,mushroom,ArrowLeft,"fewer, more",0,FEWER,"geo, icon, color",0,geo,0
jzndiye,1,3712,training,pie,8,olive,eggplant,olive,ArrowLeft,"fewer, more",0,FEWER,"geo, icon, color",0,geo,1
jzndiye,1,2912,training,pie,20,tomato,eggplant,tomato,ArrowLeft,"fewer, more",0,FEWER,"geo, icon, color",0,geo,2
jzndiye,0,4208,real,pie,1,tomato,corn,corn,ArrowLeft,"fewer, more",0,FEWER,"geo, icon, color",0,geo,0
jzndiye,0,3087,real,pie,5,celery,olive,olive,ArrowLeft,"fewer, more",0,FEWER,"geo, icon, color",0,geo,1
jzndiye,1,3354,real,pie,2,mushroom,celery,celery,ArrowRight,"fewer, more",0,FEWER,"geo, icon, color",0,geo,2
jzndiye,1,4233,real,pie,6,olive,mushroom,olive,ArrowLeft,"fewer, more",0,FEWER,"geo, icon, color",0,geo,3
jzndiye,1,3425,real,pie,3,olive,corn,olive,ArrowLeft,"fewer, more",0,FEWER,"geo, icon, color",0,geo,4
jzndiye,1,3058,real,pie,8,corn,celery,celery,ArrowRight,"fewer, more",0,FEWER,"geo, icon, color",0,geo,5
jzndiye,1,4161,real,pie,7,mushroom,corn,mushroom,ArrowLeft,"fewer, more",0,FEWER,"geo, icon, color",0,geo,6
jzndiye,1,4302,real,pie,4,carrot,mushroom,mushroom,ArrowRight,"fewer, more",0,FEWER,"geo, icon, color",0,geo,7
jzndiye,-1,5000,real,pie,9,corn,mushroom,corn,none,"fewer, more",0,FEWER,"geo, icon, color",0,geo,8
jzndiye,1,3760,real,pie,0,eggplant,corn,eggplant,ArrowLeft,"fewer, more",0,FEWER,"geo, icon, color",0,geo,9
jzndiye,1,4450,training,pie,8,olive,eggplant,olive,ArrowLeft,"fewer, more",0,FEWER,"geo, icon, color",1,icon,0
jzndiye,1,3057,training,pie,11,carrot,tomato,carrot,ArrowLeft,"fewer, more",0,FEWER,"geo, icon, color",1,icon,1
jzndiye,1,4439,training,pie,27,corn,olive,olive,ArrowRight,"fewer, more",0,FEWER,"geo, icon, color",1,icon,2
jzndiye,1,4393,real,pie,3,olive,corn,olive,ArrowLeft,"fewer, more",0,FEWER,"geo, icon, color",1,icon,0
jzndiye,1,4448,real,pie,8,corn,celery,celery,ArrowRight,"fewer, more",0,FEWER,"geo, icon, color",1,icon,1
jzndiye,1,4881,real,pie,5,celery,olive,olive,ArrowRight,"fewer, more",0,FEWER,"geo, icon, color",1,icon,2
jzndiye,1,4977,real,pie,4,carrot,mushroom,mushroom,ArrowRight,"fewer, more",0,FEWER,"geo, icon, color",1,icon,3
jzndiye,1,4600,real,pie,7,mushroom,corn,mushroom,ArrowLeft,"fewer, more",0,FEWER,"geo, icon, color",1,icon,4
jzndiye,1,2601,real,pie,6,olive,mushroom,olive,ArrowLeft,"fewer, more",0,FEWER,"geo, icon, color",1,icon,5
jzndiye,1,2604,real,pie,1,tomato,corn,corn,ArrowRight,"fewer, more",0,FEWER,"geo, icon, color",1,icon,6
jzndiye,1,3703,real,pie,9,corn,mushroom,corn,ArrowLeft,"fewer, more",0,FEWER,"geo, icon, color",1,icon,7
jzndiye,1,1865,real,pie,2,mushroom,celery,celery,ArrowRight,"fewer, more",0,FEWER,"geo, icon, color",1,icon,8
jzndiye,1,3285,real,pie,0,eggplant,corn,eggplant,ArrowLeft,"fewer, more",0,FEWER,"geo, icon, color",1,icon,9
jzndiye,1,3064,training,pie,2,mushroom,tomato,tomato,ArrowRight,"fewer, more",0,FEWER,"geo, icon, color",2,color,0
jzndiye,0,3906,training,pie,0,carrot,corn,corn,ArrowLeft,"fewer, more",0,FEWER,"geo, icon, color",2,color,1
jzndiye,1,3448,training,pie,27,corn,olive,olive,ArrowRight,"fewer, more",0,FEWER,"geo, icon, color",2,color,2
jzndiye,1,3730,real,pie,3,olive,corn,olive,ArrowLeft,"fewer, more",0,FEWER,"geo, icon, color",2,color,0
jzndiye,1,4113,real,pie,9,corn,mushroom,corn,ArrowLeft,"fewer, more",0,FEWER,"geo, icon, color",2,color,1
jzndiye,1,1513,real,pie,2,mushroom,celery,celery,ArrowRight,"fewer, more",0,FEWER,"geo, icon, color",2,color,2
jzndiye,1,1488,real,pie,1,tomato,corn,corn,ArrowRight,"fewer, more",0,FEWER,"geo, icon, color",2,color,3
jzndiye,1,3407,real,pie,7,mushroom,corn,mushroom,ArrowLeft,"fewer, more",0,FEWER,"geo, icon, color",2,color,4
jzndiye,1,2282,real,pie,6,olive,mushroom,olive,ArrowLeft,"fewer, more",0,FEWER,"geo, icon, color",2,color,5
jzndiye,0,2573,real,pie,0,eggplant,corn,eggplant,ArrowRight,"fewer, more",0,FEWER,"geo, icon, color",2,color,6
jzndiye,1,2327,real,pie,4,carrot,mushroom,mushroom,ArrowRight,"fewer, more",0,FEWER,"geo, icon, color",2,color,7
jzndiye,1,4589,real,pie,5,celery,olive,olive,ArrowRight,"fewer, more",0,FEWER,"geo, icon, color",2,color,8
jzndiye,1,1743,real,pie,8,corn,celery,celery,ArrowRight,"fewer, more",0,FEWER,"geo, icon, color",2,color,9
jzndiye,1,3504,training,pie,4,carrot,celery,celery,ArrowRight,"fewer, more",1,MORE,"color, geo, icon",0,color,0
jzndiye,1,2832,training,pie,5,olive,carrot,olive,ArrowLeft,"fewer, more",1,MORE,"color, geo, icon",0,color,1
jzndiye,1,2553,training,pie,15,eggplant,tomato,tomato,ArrowRight,"fewer, more",1,MORE,"color, geo, icon",0,color,2
jzndiye,1,1816,real,pie,3,olive,corn,corn,ArrowRight,"fewer, more",1,MORE,"color, geo, icon",0,color,0
jzndiye,1,3376,real,pie,9,corn,mushroom,mushroom,ArrowRight,"fewer, more",1,MORE,"color, geo, icon",0,color,1
jzndiye,1,2426,real,pie,2,mushroom,celery,mushroom,ArrowLeft,"fewer, more",1,MORE,"color, geo, icon",0,color,2
jzndiye,1,3600,real,pie,1,tomato,corn,tomato,ArrowLeft,"fewer, more",1,MORE,"color, geo, icon",0,color,3
jzndiye,1,2038,real,pie,7,mushroom,corn,corn,ArrowRight,"fewer, more",1,MORE,"color, geo, icon",0,color,4
jzndiye,1,2512,real,pie,6,olive,mushroom,mushroom,ArrowRight,"fewer, more",1,MORE,"color, geo, icon",0,color,5
jzndiye,1,3161,real,pie,0,eggplant,corn,corn,ArrowRight,"fewer, more",1,MORE,"color, geo, icon",0,color,6
jzndiye,1,2464,real,pie,4,carrot,mushroom,carrot,ArrowLeft,"fewer, more",1,MORE,"color, geo, icon",0,color,7
jzndiye,1,2841,real,pie,5,celery,olive,celery,ArrowLeft,"fewer, more",1,MORE,"color, geo, icon",0,color,8
jzndiye,1,1272,real,pie,8,corn,celery,corn,ArrowLeft,"fewer, more",1,MORE,"color, geo, icon",0,color,9
jzndiye,1,2328,training,pie,15,eggplant,tomato,tomato,ArrowRight,"fewer, more",1,MORE,"color, geo, icon",1,geo,0
jzndiye,1,4315,training,pie,0,carrot,corn,carrot,ArrowLeft,"fewer, more",1,MORE,"color, geo, icon",1,geo,1
jzndiye,1,2388,training,pie,6,celery,mushroom,celery,ArrowLeft,"fewer, more",1,MORE,"color, geo, icon",1,geo,2
jzndiye,1,2856,real,pie,1,tomato,corn,tomato,ArrowLeft,"fewer, more",1,MORE,"color, geo, icon",1,geo,0
jzndiye,0,1416,real,pie,5,celery,olive,celery,ArrowRight,"fewer, more",1,MORE,"color, geo, icon",1,geo,1
jzndiye,1,3161,real,pie,2,mushroom,celery,mushroom,ArrowLeft,"fewer, more",1,MORE,"color, geo, icon",1,geo,2
jzndiye,1,2825,real,pie,6,olive,mushroom,mushroom,ArrowRight,"fewer, more",1,MORE,"color, geo, icon",1,geo,3
jzndiye,1,1663,real,pie,3,olive,corn,corn,ArrowRight,"fewer, more",1,MORE,"color, geo, icon",1,geo,4
jzndiye,1,2064,real,pie,8,corn,celery,corn,ArrowLeft,"fewer, more",1,MORE,"color, geo, icon",1,geo,5
jzndiye,1,1937,real,pie,7,mushroom,corn,corn,ArrowRight,"fewer, more",1,MORE,"color, geo, icon",1,geo,6
jzndiye,0,3617,real,pie,4,carrot,mushroom,carrot,ArrowRight,"fewer, more",1,MORE,"color, geo, icon",1,geo,7
jzndiye,-1,5000,real,pie,9,corn,mushroom,mushroom,none,"fewer, more",1,MORE,"color, geo, icon",1,geo,8
jzndiye,1,3950,real,pie,0,eggplant,corn,corn,ArrowRight,"fewer, more",1,MORE,"color, geo, icon",1,geo,9
jzndiye,1,3761,training,pie,17,mushroom,corn,mushroom,ArrowLeft,"fewer, more",1,MORE,"color, geo, icon",2,icon,0
jzndiye,1,3193,training,pie,12,corn,celery,corn,ArrowLeft,"fewer, more",1,MORE,"color, geo, icon",2,icon,1
jzndiye,1,3224,training,pie,19,eggplant,carrot,carrot,ArrowRight,"fewer, more",1,MORE,"color, geo, icon",2,icon,2
jzndiye,1,3672,real,pie,3,olive,corn,corn,ArrowRight,"fewer, more",1,MORE,"color, geo, icon",2,icon,0
jzndiye,0,1209,real,pie,8,corn,celery,corn,ArrowRight,"fewer, more",1,MORE,"color, geo, icon",2,icon,1
jzndiye,1,4297,real,pie,5,celery,olive,celery,ArrowLeft,"fewer, more",1,MORE,"color, geo, icon",2,icon,2
jzndiye,1,3120,real,pie,4,carrot,mushroom,carrot,ArrowLeft,"fewer, more",1,MORE,"color, geo, icon",2,icon,3
jzndiye,1,1352,real,pie,7,mushroom,corn,corn,ArrowRight,"fewer, more",1,MORE,"color, geo, icon",2,icon,4
jzndiye,1,3161,real,pie,6,olive,mushroom,mushroom,ArrowRight,"fewer, more",1,MORE,"color, geo, icon",2,icon,5
jzndiye,1,2496,real,pie,1,tomato,corn,tomato,ArrowLeft,"fewer, more",1,MORE,"color, geo, icon",2,icon,6
jzndiye,-1,5000,real,pie,9,corn,mushroom,mushroom,none,"fewer, more",1,MORE,"color, geo, icon",2,icon,7
jzndiye,1,4728,real,pie,2,mushroom,celery,mushroom,ArrowLeft,"fewer, more",1,MORE,"color, geo, icon",2,icon,8
jzndiye,1,2480,real,pie,0,eggplant,corn,corn,ArrowRight,"fewer, more",1,MORE,"color, geo, icon",2,icon,9
kintsyd,1,3603,training,pie,23,olive,carrot,olive,ArrowLeft,"more, fewer",0,MORE,"color, geo, icon",0,color,0
kintsyd,1,3300,training,pie,7,celery,eggplant,celery,ArrowLeft,"more, fewer",0,MORE,"color, geo, icon",0,color,1
kintsyd,1,3544,training,pie,0,carrot,corn,carrot,ArrowLeft,"more, fewer",0,MORE,"color, geo, icon",0,color,2
kintsyd,1,2520,real,pie,1,tomato,corn,tomato,ArrowLeft,"more, fewer",0,MORE,"color, geo, icon",0,color,0
kintsyd,1,2235,real,pie,6,olive,mushroom,mushroom,ArrowRight,"more, fewer",0,MORE,"color, geo, icon",0,color,1
kintsyd,1,1967,real,pie,8,corn,celery,corn,ArrowLeft,"more, fewer",0,MORE,"color, geo, icon",0,color,2
kintsyd,1,2823,real,pie,9,corn,mushroom,mushroom,ArrowRight,"more, fewer",0,MORE,"color, geo, icon",0,color,3
kintsyd,1,2456,real,pie,4,carrot,mushroom,carrot,ArrowLeft,"more, fewer",0,MORE,"color, geo, icon",0,color,4
kintsyd,1,1876,real,pie,7,mushroom,corn,corn,ArrowRight,"more, fewer",0,MORE,"color, geo, icon",0,color,5
kintsyd,1,3735,real,pie,0,eggplant,corn,corn,ArrowRight,"more, fewer",0,MORE,"color, geo, icon",0,color,6
kintsyd,1,3024,real,pie,5,celery,olive,celery,ArrowLeft,"more, fewer",0,MORE,"color, geo, icon",0,color,7
kintsyd,1,1722,real,pie,3,olive,corn,corn,ArrowRight,"more, fewer",0,MORE,"color, geo, icon",0,color,8
kintsyd,1,2489,real,pie,2,mushroom,celery,mushroom,ArrowLeft,"more, fewer",0,MORE,"color, geo, icon",0,color,9
kintsyd,1,1623,training,pie,15,eggplant,tomato,tomato,ArrowRight,"more, fewer",0,MORE,"color, geo, icon",1,geo,0
kintsyd,1,4245,training,pie,21,eggplant,mushroom,mushroom,ArrowRight,"more, fewer",0,MORE,"color, geo, icon",1,geo,1
kintsyd,1,3450,training,pie,12,corn,celery,corn,ArrowLeft,"more, fewer",0,MORE,"color, geo, icon",1,geo,2
kintsyd,1,2715,real,pie,2,mushroom,celery,mushroom,ArrowLeft,"more, fewer",0,MORE,"color, geo, icon",1,geo,0
kintsyd,1,1746,real,pie,4,carrot,mushroom,carrot,ArrowLeft,"more, fewer",0,MORE,"color, geo, icon",1,geo,1
kintsyd,1,3494,real,pie,7,mushroom,corn,corn,ArrowRight,"more, fewer",0,MORE,"color, geo, icon",1,geo,2
kintsyd,1,1851,real,pie,1,tomato,corn,tomato,ArrowLeft,"more, fewer",0,MORE,"color, geo, icon",1,geo,3
kintsyd,1,2307,real,pie,5,celery,olive,celery,ArrowLeft,"more, fewer",0,MORE,"color, geo, icon",1,geo,4
kintsyd,1,2723,real,pie,0,eggplant,corn,corn,ArrowRight,"more, fewer",0,MORE,"color, geo, icon",1,geo,5
kintsyd,1,2259,real,pie,9,corn,mushroom,mushroom,ArrowRight,"more, fewer",0,MORE,"color, geo, icon",1,geo,6
kintsyd,1,1572,real,pie,3,olive,corn,corn,ArrowRight,"more, fewer",0,MORE,"color, geo, icon",1,geo,7
kintsyd,1,2425,real,pie,6,olive,mushroom,mushroom,ArrowRight,"more, fewer",0,MORE,"color, geo, icon",1,geo,8
kintsyd,1,2938,real,pie,8,corn,celery,corn,ArrowLeft,"more, fewer",0,MORE,"color, geo, icon",1,geo,9
kintsyd,1,3105,training,pie,1,mushroom,corn,mushroom,ArrowLeft,"more, fewer",0,MORE,"color, geo, icon",2,icon,0
kintsyd,1,1975,training,pie,14,tomato,eggplant,tomato,ArrowLeft,"more, fewer",0,MORE,"color, geo, icon",2,icon,1
kintsyd,1,4939,training,pie,1,mushroom,corn,mushroom,ArrowLeft,"more, fewer",0,MORE,"color, geo, icon",2,icon,2
kintsyd,1,3381,real,pie,6,olive,mushroom,mushroom,ArrowRight,"more, fewer",0,MORE,"color, geo, icon",2,icon,0
kintsyd,1,2171,real,pie,9,corn,mushroom,mushroom,ArrowRight,"more, fewer",0,MORE,"color, geo, icon",2,icon,1
kintsyd,-1,5000,real,pie,2,mushroom,celery,mushroom,none,"more, fewer",0,MORE,"color, geo, icon",2,icon,2
kintsyd,1,4607,real,pie,5,celery,olive,celery,ArrowLeft,"more, fewer",0,MORE,"color, geo, icon",2,icon,3
kintsyd,1,3591,real,pie,3,olive,corn,corn,ArrowRight,"more, fewer",0,MORE,"color, geo, icon",2,icon,4
kintsyd,1,1997,real,pie,4,carrot,mushroom,carrot,ArrowLeft,"more, fewer",0,MORE,"color, geo, icon",2,icon,5
kintsyd,1,2570,real,pie,8,corn,celery,corn,ArrowLeft,"more, fewer",0,MORE,"color, geo, icon",2,icon,6
kintsyd,1,1665,real,pie,7,mushroom,corn,corn,ArrowRight,"more, fewer",0,MORE,"color, geo, icon",2,icon,7
kintsyd,1,3450,real,pie,0,eggplant,corn,corn,ArrowRight,"more, fewer",0,MORE,"color, geo, icon",2,icon,8
kintsyd,1,2658,real,pie,1,tomato,corn,tomato,ArrowLeft,"more, fewer",0,MORE,"color, geo, icon",2,icon,9
kintsyd,-1,5000,training,pie,3,celery,carrot,carrot,none,"more, fewer",1,FEWER,"icon, color, geo",0,icon,0
kintsyd,1,1980,training,pie,22,mushroom,corn,mushroom,ArrowLeft,"more, fewer",1,FEWER,"icon, color, geo",0,icon,1
kintsyd,1,3497,training,pie,5,olive,carrot,carrot,ArrowRight,"more, fewer",1,FEWER,"icon, color, geo",0,icon,2
kintsyd,1,1275,real,pie,6,olive,mushroom,olive,ArrowLeft,"more, fewer",1,FEWER,"icon, color, geo",0,icon,0
kintsyd,1,4500,real,pie,9,corn,mushroom,corn,ArrowLeft,"more, fewer",1,FEWER,"icon, color, geo",0,icon,1
kintsyd,1,2464,real,pie,2,mushroom,celery,celery,ArrowRight,"more, fewer",1,FEWER,"icon, color, geo",0,icon,2
kintsyd,1,4495,real,pie,5,celery,olive,olive,ArrowRight,"more, fewer",1,FEWER,"icon, color, geo",0,icon,3
kintsyd,1,1150,real,pie,3,olive,corn,olive,ArrowLeft,"more, fewer",1,FEWER,"icon, color, geo",0,icon,4
kintsyd,1,2593,real,pie,4,carrot,mushroom,mushroom,ArrowRight,"more, fewer",1,FEWER,"icon, color, geo",0,icon,5
kintsyd,1,2144,real,pie,8,corn,celery,celery,ArrowRight,"more, fewer",1,FEWER,"icon, color, geo",0,icon,6
kintsyd,1,3415,real,pie,7,mushroom,corn,mushroom,ArrowLeft,"more, fewer",1,FEWER,"icon, color, geo",0,icon,7
kintsyd,1,3379,real,pie,0,eggplant,corn,eggplant,ArrowLeft,"more, fewer",1,FEWER,"icon, color, geo",0,icon,8
kintsyd,1,2405,real,pie,1,tomato,corn,corn,ArrowRight,"more, fewer",1,FEWER,"icon, color, geo",0,icon,9
kintsyd,1,1669,training,pie,5,olive,carrot,carrot,ArrowRight,"more, fewer",1,FEWER,"icon, color, geo",1,color,0
kintsyd,1,2396,training,pie,20,tomato,eggplant,tomato,ArrowLeft,"more, fewer",1,FEWER,"icon, color, geo",1,color,1
kintsyd,1,2277,training,pie,13,carrot,olive,olive,ArrowRight,"more, fewer",1,FEWER,"icon, color, geo",1,color,2
kintsyd,1,1832,real,pie,1,tomato,corn,corn,ArrowRight,"more, fewer",1,FEWER,"icon, color, geo",1,color,0
kintsyd,1,2227,real,pie,6,olive,mushroom,olive,ArrowLeft,"more, fewer",1,FEWER,"icon, color, geo",1,color,1
kintsyd,1,3034,real,pie,8,corn,celery,celery,ArrowRight,"more, fewer",1,FEWER,"icon, color, geo",1,color,2
kintsyd,1,3072,real,pie,9,corn,mushroom,corn,ArrowLeft,"more, fewer",1,FEWER,"icon, color, geo",1,color,3
kintsyd,1,1030,real,pie,4,carrot,mushroom,mushroom,ArrowRight,"more, fewer",1,FEWER,"icon, color, geo",1,color,4
kintsyd,1,1636,real,pie,7,mushroom,corn,mushroom,ArrowLeft,"more, fewer",1,FEWER,"icon, color, geo",1,color,5
kintsyd,1,3205,real,pie,0,eggplant,corn,eggplant,ArrowLeft,"more, fewer",1,FEWER,"icon, color, geo",1,color,6
kintsyd,1,4210,real,pie,5,celery,olive,olive,ArrowRight,"more, fewer",1,FEWER,"icon, color, geo",1,color,7
kintsyd,1,4254,real,pie,3,olive,corn,olive,ArrowLeft,"more, fewer",1,FEWER,"icon, color, geo",1,color,8
kintsyd,1,1943,real,pie,2,mushroom,celery,celery,ArrowRight,"more, fewer",1,FEWER,"icon, color, geo",1,color,9
kintsyd,1,2235,training,pie,3,celery,carrot,carrot,ArrowRight,"more, fewer",1,FEWER,"icon, color, geo",2,geo,0
kintsyd,1,2183,training,pie,15,eggplant,tomato,eggplant,ArrowLeft,"more, fewer",1,FEWER,"icon, color, geo",2,geo,1
kintsyd,1,2413,training,pie,25,eggplant,corn,eggplant,ArrowLeft,"more, fewer",1,FEWER,"icon, color, geo",2,geo,2
kintsyd,1,2224,real,pie,2,mushroom,celery,celery,ArrowRight,"more, fewer",1,FEWER,"icon, color, geo",2,geo,0
kintsyd,1,1807,real,pie,4,carrot,mushroom,mushroom,ArrowRight,"more, fewer",1,FEWER,"icon, color, geo",2,geo,1
kintsyd,1,2756,real,pie,7,mushroom,corn,mushroom,ArrowLeft,"more, fewer",1,FEWER,"icon, color, geo",2,geo,2
kintsyd,1,2545,real,pie,1,tomato,corn,corn,ArrowRight,"more, fewer",1,FEWER,"icon, color, geo",2,geo,3
kintsyd,1,4726,real,pie,5,celery,olive,olive,ArrowRight,"more, fewer",1,FEWER,"icon, color, geo",2,geo,4
kintsyd,1,2585,real,pie,0,eggplant,corn,eggplant,ArrowLeft,"more, fewer",1,FEWER,"icon, color, geo",2,geo,5
kintsyd,1,2718,real,pie,9,corn,mushroom,corn,ArrowLeft,"more, fewer",1,FEWER,"icon, color, geo",2,geo,6
kintsyd,1,1887,real,pie,3,olive,corn,olive,ArrowLeft,"more, fewer",1,FEWER,"icon, color, geo",2,geo,7
kintsyd,1,2495,real,pie,6,olive,mushroom,olive,ArrowLeft,"more, fewer",1,FEWER,"icon, color, geo",2,geo,8
kintsyd,1,3187,real,pie,8,corn,celery,celery,ArrowRight,"more, fewer",1,FEWER,"icon, color, geo",2,geo,9
lnbkhse,0,3703,training,bar,26,mushroom,olive,mushroom,ArrowRight,"fewer, more",0,FEWER,"geo, color, icon",0,geo,0
lnbkhse,1,2775,training,bar,3,carrot,celery,carrot,ArrowLeft,"fewer, more",0,FEWER,"geo, color, icon",0,geo,1
lnbkhse,1,2001,training,bar,28,mushroom,celery,celery,ArrowRight,"fewer, more",0,FEWER,"geo, color, icon",0,geo,2
lnbkhse,1,3015,real,bar,4,mushroom,carrot,mushroom,ArrowLeft,"fewer, more",0,FEWER,"geo, color, icon",0,geo,0
lnbkhse,1,2424,real,bar,5,olive,celery,olive,ArrowLeft,"fewer, more",0,FEWER,"geo, color, icon",0,geo,1
lnbkhse,1,2061,real,bar,0,eggplant,corn,eggplant,ArrowLeft,"fewer, more",0,FEWER,"geo, color, icon",0,geo,2
lnbkhse,1,2616,real,bar,1,corn,tomato,corn,ArrowLeft,"fewer, more",0,FEWER,"geo, color, icon",0,geo,3
lnbkhse,1,2314,real,bar,2,celery,mushroom,celery,ArrowLeft,"fewer, more",0,FEWER,"geo, color, icon",0,geo,4
lnbkhse,1,1864,real,bar,3,corn,olive,olive,ArrowRight,"fewer, more",0,FEWER,"geo, color, icon",0,geo,5
lnbkhse,1,1833,real,bar,7,corn,mushroom,mushroom,ArrowRight,"fewer, more",0,FEWER,"geo, color, icon",0,geo,6
lnbkhse,1,2261,real,bar,8,celery,corn,celery,ArrowLeft,"fewer, more",0,FEWER,"geo, color, icon",0,geo,7
lnbkhse,1,2322,real,bar,6,mushroom,olive,olive,ArrowRight,"fewer, more",0,FEWER,"geo, color, icon",0,geo,8
lnbkhse,1,3624,real,bar,9,mushroom,corn,corn,ArrowRight,"fewer, more",0,FEWER,"geo, color, icon",0,geo,9
lnbkhse,1,1959,training,bar,2,tomato,mushroom,tomato,ArrowLeft,"fewer, more",0,FEWER,"geo, color, icon",1,color,0
lnbkhse,1,2719,training,bar,1,corn,mushroom,corn,ArrowLeft,"fewer, more",0,FEWER,"geo, color, icon",1,color,1
lnbkhse,1,1867,training,bar,22,corn,mushroom,mushroom,ArrowRight,"fewer, more",0,FEWER,"geo, color, icon",1,color,2
lnbkhse,1,2169,real,bar,1,corn,tomato,corn,ArrowLeft,"fewer, more",0,FEWER,"geo, color, icon",1,color,0
lnbkhse,1,2329,real,bar,8,celery,corn,celery,ArrowLeft,"fewer, more",0,FEWER,"geo, color, icon",1,color,1
lnbkhse,1,1943,real,bar,3,corn,olive,olive,ArrowRight,"fewer, more",0,FEWER,"geo, color, icon",1,color,2
lnbkhse,1,2100,real,bar,7,corn,mushroom,mushroom,ArrowRight,"fewer, more",0,FEWER,"geo, color, icon",1,color,3
lnbkhse,1,2275,real,bar,9,mushroom,corn,corn,ArrowRight,"fewer, more",0,FEWER,"geo, color, icon",1,color,4
lnbkhse,1,1973,real,bar,6,mushroom,olive,olive,ArrowRight,"fewer, more",0,FEWER,"geo, color, icon",1,color,5
lnbkhse,1,3405,real,bar,2,celery,mushroom,celery,ArrowLeft,"fewer, more",0,FEWER,"geo, color, icon",1,color,6
lnbkhse,1,2051,real,bar,4,mushroom,carrot,mushroom,ArrowLeft,"fewer, more",0,FEWER,"geo, color, icon",1,color,7
lnbkhse,1,2257,real,bar,5,olive,celery,olive,ArrowLeft,"fewer, more",0,FEWER,"geo, color, icon",1,color,8
lnbkhse,1,1997,real,bar,0,eggplant,corn,eggplant,ArrowLeft,"fewer, more",0,FEWER,"geo, color, icon",1,color,9
lnbkhse,1,2736,training,bar,24,celery,mushroom,mushroom,ArrowRight,"fewer, more",0,FEWER,"geo, color, icon",2,icon,0
lnbkhse,1,1065,training,bar,16,mushroom,olive,olive,ArrowRight,"fewer, more",0,FEWER,"geo, color, icon",2,icon,1
lnbkhse,1,2830,training,bar,3,carrot,celery,carrot,ArrowLeft,"fewer, more",0,FEWER,"geo, color, icon",2,icon,2
lnbkhse,1,2203,real,bar,2,celery,mushroom,celery,ArrowLeft,"fewer, more",0,FEWER,"geo, color, icon",2,icon,0
lnbkhse,1,3215,real,bar,7,corn,mushroom,mushroom,ArrowRight,"fewer, more",0,FEWER,"geo, color, icon",2,icon,1
lnbkhse,1,1997,real,bar,4,mushroom,carrot,mushroom,ArrowLeft,"fewer, more",0,FEWER,"geo, color, icon",2,icon,2
lnbkhse,1,3018,real,bar,5,olive,celery,olive,ArrowLeft,"fewer, more",0,FEWER,"geo, color, icon",2,icon,3
lnbkhse,1,2363,real,bar,1,corn,tomato,corn,ArrowLeft,"fewer, more",0,FEWER,"geo, color, icon",2,icon,4
lnbkhse,1,2873,real,bar,6,mushroom,olive,olive,ArrowRight,"fewer, more",0,FEWER,"geo, color, icon",2,icon,5
lnbkhse,1,2072,real,bar,0,eggplant,corn,eggplant,ArrowLeft,"fewer, more",0,FEWER,"geo, color, icon",2,icon,6
lnbkhse,1,1535,real,bar,9,mushroom,corn,corn,ArrowRight,"fewer, more",0,FEWER,"geo, color, icon",2,icon,7
lnbkhse,1,3419,real,bar,8,celery,corn,celery,ArrowLeft,"fewer, more",0,FEWER,"geo, color, icon",2,icon,8
lnbkhse,1,1971,real,bar,3,corn,olive,olive,ArrowRight,"fewer, more",0,FEWER,"geo, color, icon",2,icon,9
lnbkhse,1,2973,training,bar,5,olive,carrot,olive,ArrowLeft,"fewer, more",1,MORE,"geo, icon, color",0,geo,0
lnbkhse,1,3069,training,bar,13,olive,carrot,carrot,ArrowRight,"fewer, more",1,MORE,"geo, icon, color",0,geo,1
lnbkhse,1,2130,training,bar,5,olive,carrot,olive,ArrowLeft,"fewer, more",1,MORE,"geo, icon, color",0,geo,2
lnbkhse,1,2162,real,bar,4,mushroom,carrot,carrot,ArrowRight,"fewer, more",1,MORE,"geo, icon, color",0,geo,0
lnbkhse,1,2984,real,bar,5,olive,celery,celery,ArrowRight,"fewer, more",1,MORE,"geo, icon, color",0,geo,1
lnbkhse,1,1926,real,bar,0,eggplant,corn,corn,ArrowRight,"fewer, more",1,MORE,"geo, icon, color",0,geo,2
lnbkhse,1,2796,real,bar,1,corn,tomato,tomato,ArrowRight,"fewer, more",1,MORE,"geo, icon, color",0,geo,3
lnbkhse,1,3039,real,bar,2,celery,mushroom,mushroom,ArrowRight,"fewer, more",1,MORE,"geo, icon, color",0,geo,4
lnbkhse,1,1956,real,bar,3,corn,olive,corn,ArrowLeft,"fewer, more",1,MORE,"geo, icon, color",0,geo,5
lnbkhse,1,1106,real,bar,7,corn,mushroom,corn,ArrowLeft,"fewer, more",1,MORE,"geo, icon, color",0,geo,6
lnbkhse,1,2029,real,bar,8,celery,corn,corn,ArrowRight,"fewer, more",1,MORE,"geo, icon, color",0,geo,7
lnbkhse,1,2855,real,bar,6,mushroom,olive,mushroom,ArrowLeft,"fewer, more",1,MORE,"geo, icon, color",0,geo,8
lnbkhse,1,1335,real,bar,9,mushroom,corn,mushroom,ArrowLeft,"fewer, more",1,MORE,"geo, icon, color",0,geo,9
lnbkhse,1,2170,training,bar,28,mushroom,celery,mushroom,ArrowLeft,"fewer, more",1,MORE,"geo, icon, color",1,icon,0
lnbkhse,1,2236,training,bar,23,carrot,olive,olive,ArrowRight,"fewer, more",1,MORE,"geo, icon, color",1,icon,1
lnbkhse,1,2980,training,bar,9,mushroom,eggplant,mushroom,ArrowLeft,"fewer, more",1,MORE,"geo, icon, color",1,icon,2
lnbkhse,1,1860,real,bar,2,celery,mushroom,mushroom,ArrowRight,"fewer, more",1,MORE,"geo, icon, color",1,icon,0
lnbkhse,1,1423,real,bar,7,corn,mushroom,corn,ArrowLeft,"fewer, more",1,MORE,"geo, icon, color",1,icon,1
lnbkhse,1,2203,real,bar,4,mushroom,carrot,carrot,ArrowRight,"fewer, more",1,MORE,"geo, icon, color",1,icon,2
lnbkhse,1,2403,real,bar,5,olive,celery,celery,ArrowRight,"fewer, more",1,MORE,"geo, icon, color",1,icon,3
lnbkhse,1,2665,real,bar,1,corn,tomato,tomato,ArrowRight,"fewer, more",1,MORE,"geo, icon, color",1,icon,4
lnbkhse,1,3677,real,bar,6,mushroom,olive,mushroom,ArrowLeft,"fewer, more",1,MORE,"geo, icon, color",1,icon,5
lnbkhse,1,1724,real,bar,0,eggplant,corn,corn,ArrowRight,"fewer, more",1,MORE,"geo, icon, color",1,icon,6
lnbkhse,1,1892,real,bar,9,mushroom,corn,mushroom,ArrowLeft,"fewer, more",1,MORE,"geo, icon, color",1,icon,7
lnbkhse,1,2983,real,bar,8,celery,corn,corn,ArrowRight,"fewer, more",1,MORE,"geo, icon, color",1,icon,8
lnbkhse,1,2149,real,bar,3,corn,olive,corn,ArrowLeft,"fewer, more",1,MORE,"geo, icon, color",1,icon,9
lnbkhse,1,1950,training,bar,18,corn,eggplant,eggplant,ArrowRight,"fewer, more",1,MORE,"geo, icon, color",2,color,0
lnbkhse,1,1058,training,bar,28,mushroom,celery,mushroom,ArrowLeft,"fewer, more",1,MORE,"geo, icon, color",2,color,1
lnbkhse,1,1032,training,bar,19,carrot,eggplant,carrot,ArrowLeft,"fewer, more",1,MORE,"geo, icon, color",2,color,2
lnbkhse,1,2035,real,bar,1,corn,tomato,tomato,ArrowRight,"fewer, more",1,MORE,"geo, icon, color",2,color,0
lnbkhse,1,2007,real,bar,8,celery,corn,corn,ArrowRight,"fewer, more",1,MORE,"geo, icon, color",2,color,1
lnbkhse,1,1643,real,bar,3,corn,olive,corn,ArrowLeft,"fewer, more",1,MORE,"geo, icon, color",2,color,2
lnbkhse,1,1367,real,bar,7,corn,mushroom,corn,ArrowLeft,"fewer, more",1,MORE,"geo, icon, color",2,color,3
lnbkhse,1,1602,real,bar,9,mushroom,corn,mushroom,ArrowLeft,"fewer, more",1,MORE,"geo, icon, color",2,color,4
lnbkhse,1,1673,real,bar,6,mushroom,olive,mushroom,ArrowLeft,"fewer, more",1,MORE,"geo, icon, color",2,color,5
lnbkhse,1,2949,real,bar,2,celery,mushroom,mushroom,ArrowRight,"fewer, more",1,MORE,"geo, icon, color",2,color,6
lnbkhse,1,1795,real,bar,4,mushroom,carrot,carrot,ArrowRight,"fewer, more",1,MORE,"geo, icon, color",2,color,7
lnbkhse,1,2031,real,bar,5,olive,celery,celery,ArrowRight,"fewer, more",1,MORE,"geo, icon, color",2,color,8
lnbkhse,1,1669,real,bar,0,eggplant,corn,corn,ArrowRight,"fewer, more",1,MORE,"geo, icon, color",2,color,9
ohqrfkd,1,2161,training,pie,8,olive,eggplant,olive,ArrowLeft,"fewer, more",0,FEWER,"geo, color, icon",0,geo,0
ohqrfkd,1,1573,training,pie,8,olive,eggplant,olive,ArrowLeft,"fewer, more",0,FEWER,"geo, color, icon",0,geo,1
ohqrfkd,0,657,training,pie,25,eggplant,corn,eggplant,ArrowRight,"fewer, more",0,FEWER,"geo, color, icon",0,geo,2
ohqrfkd,1,4769,real,pie,0,eggplant,corn,eggplant,ArrowLeft,"fewer, more",0,FEWER,"geo, color, icon",0,geo,0
ohqrfkd,0,944,real,pie,9,corn,mushroom,corn,ArrowRight,"fewer, more",0,FEWER,"geo, color, icon",0,geo,1
ohqrfkd,1,2350,real,pie,2,mushroom,celery,celery,ArrowRight,"fewer, more",0,FEWER,"geo, color, icon",0,geo,2
ohqrfkd,0,1811,real,pie,5,celery,olive,olive,ArrowLeft,"fewer, more",0,FEWER,"geo, color, icon",0,geo,3
ohqrfkd,1,2192,real,pie,3,olive,corn,olive,ArrowLeft,"fewer, more",0,FEWER,"geo, color, icon",0,geo,4
ohqrfkd,1,1641,real,pie,1,tomato,corn,corn,ArrowRight,"fewer, more",0,FEWER,"geo, color, icon",0,geo,5
ohqrfkd,1,1334,real,pie,7,mushroom,corn,mushroom,ArrowLeft,"fewer, more",0,FEWER,"geo, color, icon",0,geo,6
ohqrfkd,1,1148,real,pie,8,corn,celery,celery,ArrowRight,"fewer, more",0,FEWER,"geo, color, icon",0,geo,7
ohqrfkd,-1,5000,real,pie,4,carrot,mushroom,mushroom,none,"fewer, more",0,FEWER,"geo, color, icon",0,geo,8
ohqrfkd,1,1146,real,pie,6,olive,mushroom,olive,ArrowLeft,"fewer, more",0,FEWER,"geo, color, icon",0,geo,9
ohqrfkd,1,2802,training,pie,1,mushroom,corn,corn,ArrowRight,"fewer, more",0,FEWER,"geo, color, icon",1,color,0
ohqrfkd,1,1042,training,pie,28,celery,mushroom,celery,ArrowLeft,"fewer, more",0,FEWER,"geo, color, icon",1,color,1
ohqrfkd,1,3129,training,pie,2,mushroom,tomato,tomato,ArrowRight,"fewer, more",0,FEWER,"geo, color, icon",1,color,2
ohqrfkd,0,1483,real,pie,0,eggplant,corn,eggplant,ArrowRight,"fewer, more",0,FEWER,"geo, color, icon",1,color,0
ohqrfkd,1,2738,real,pie,5,celery,olive,olive,ArrowRight,"fewer, more",0,FEWER,"geo, color, icon",1,color,1
ohqrfkd,1,2091,real,pie,3,olive,corn,olive,ArrowLeft,"fewer, more",0,FEWER,"geo, color, icon",1,color,2
ohqrfkd,1,2986,real,pie,9,corn,mushroom,corn,ArrowLeft,"fewer, more",0,FEWER,"geo, color, icon",1,color,3
ohqrfkd,1,1319,real,pie,7,mushroom,corn,mushroom,ArrowLeft,"fewer, more",0,FEWER,"geo, color, icon",1,color,4
ohqrfkd,1,1101,real,pie,1,tomato,corn,corn,ArrowRight,"fewer, more",0,FEWER,"geo, color, icon",1,color,5
ohqrfkd,1,2077,real,pie,2,mushroom,celery,celery,ArrowRight,"fewer, more",0,FEWER,"geo, color, icon",1,color,6
ohqrfkd,0,2180,real,pie,4,carrot,mushroom,mushroom,ArrowLeft,"fewer, more",0,FEWER,"geo, color, icon",1,color,7
ohqrfkd,1,2957,real,pie,6,olive,mushroom,olive,ArrowLeft,"fewer, more",0,FEWER,"geo, color, icon",1,color,8
ohqrfkd,1,2048,real,pie,8,corn,celery,celery,ArrowRight,"fewer, more",0,FEWER,"geo, color, icon",1,color,9
ohqrfkd,1,1471,training,pie,5,olive,carrot,carrot,ArrowRight,"fewer, more",0,FEWER,"geo, color, icon",2,icon,0
ohqrfkd,0,1333,training,pie,21,eggplant,mushroom,eggplant,ArrowRight,"fewer, more",0,FEWER,"geo, color, icon",2,icon,1
ohqrfkd,1,2447,training,pie,26,olive,mushroom,mushroom,ArrowRight,"fewer, more",0,FEWER,"geo, color, icon",2,icon,2
ohqrfkd,1,1116,real,pie,8,corn,celery,celery,ArrowRight,"fewer, more",0,FEWER,"geo, color, icon",2,icon,0
ohqrfkd,1,1554,real,pie,3,olive,corn,olive,ArrowLeft,"fewer, more",0,FEWER,"geo, color, icon",2,icon,1
ohqrfkd,1,2209,real,pie,1,tomato,corn,corn,ArrowRight,"fewer, more",0,FEWER,"geo, color, icon",2,icon,2
ohqrfkd,1,3135,real,pie,5,celery,olive,olive,ArrowRight,"fewer, more",0,FEWER,"geo, color, icon",2,icon,3
ohqrfkd,1,1466,real,pie,9,corn,mushroom,corn,ArrowLeft,"fewer, more",0,FEWER,"geo, color, icon",2,icon,4
ohqrfkd,1,1266,real,pie,6,olive,mushroom,olive,ArrowLeft,"fewer, more",0,FEWER,"geo, color, icon",2,icon,5
ohqrfkd,0,1317,real,pie,7,mushroom,corn,mushroom,ArrowRight,"fewer, more",0,FEWER,"geo, color, icon",2,icon,6
ohqrfkd,1,2478,real,pie,4,carrot,mushroom,mushroom,ArrowRight,"fewer, more",0,FEWER,"geo, color, icon",2,icon,7
ohqrfkd,1,1939,real,pie,0,eggplant,corn,eggplant,ArrowLeft,"fewer, more",0,FEWER,"geo, color, icon",2,icon,8
ohqrfkd,0,1414,real,pie,2,mushroom,celery,celery,ArrowLeft,"fewer, more",0,FEWER,"geo, color, icon",2,icon,9
ohqrfkd,1,3274,training,pie,13,carrot,olive,carrot,ArrowLeft,"fewer, more",1,MORE,"color, icon, geo",0,color,0
ohqrfkd,1,887,training,pie,11,carrot,tomato,tomato,ArrowRight,"fewer, more",1,MORE,"color, icon, geo",0,color,1
ohqrfkd,-1,5000,training,pie,3,celery,carrot,celery,none,"fewer, more",1,MORE,"color, icon, geo",0,color,2
ohqrfkd,1,1989,real,pie,0,eggplant,corn,corn,ArrowRight,"fewer, more",1,MORE,"color, icon, geo",0,color,0
ohqrfkd,0,1983,real,pie,5,celery,olive,celery,ArrowRight,"fewer, more",1,MORE,"color, icon, geo",0,color,1
ohqrfkd,1,1325,real,pie,3,olive,corn,corn,ArrowRight,"fewer, more",1,MORE,"color, icon, geo",0,color,2
ohqrfkd,1,2602,real,pie,9,corn,mushroom,mushroom,ArrowRight,"fewer, more",1,MORE,"color, icon, geo",0,color,3
ohqrfkd,0,1316,real,pie,7,mushroom,corn,corn,ArrowLeft,"fewer, more",1,MORE,"color, icon, geo",0,color,4
ohqrfkd,0,1950,real,pie,1,tomato,corn,tomato,ArrowRight,"fewer, more",1,MORE,"color, icon, geo",0,color,5
ohqrfkd,1,1961,real,pie,2,mushroom,celery,mushroom,ArrowLeft,"fewer, more",1,MORE,"color, icon, geo",0,color,6
ohqrfkd,1,2256,real,pie,4,carrot,mushroom,carrot,ArrowLeft,"fewer, more",1,MORE,"color, icon, geo",0,color,7
ohqrfkd,1,1800,real,pie,6,olive,mushroom,mushroom,ArrowRight,"fewer, more",1,MORE,"color, icon, geo",0,color,8
ohqrfkd,1,818,real,pie,8,corn,celery,corn,ArrowLeft,"fewer, more",1,MORE,"color, icon, geo",0,color,9
ohqrfkd,1,2014,training,pie,23,olive,carrot,olive,ArrowLeft,"fewer, more",1,MORE,"color, icon, geo",1,icon,0
ohqrfkd,1,1751,training,pie,8,olive,eggplant,eggplant,ArrowRight,"fewer, more",1,MORE,"color, icon, geo",1,icon,1
ohqrfkd,0,988,training,pie,18,eggplant,corn,eggplant,ArrowRight,"fewer, more",1,MORE,"color, icon, geo",1,icon,2
ohqrfkd,1,1139,real,pie,8,corn,celery,corn,ArrowLeft,"fewer, more",1,MORE,"color, icon, geo",1,icon,0
ohqrfkd,1,728,real,pie,3,olive,corn,corn,ArrowRight,"fewer, more",1,MORE,"color, icon, geo",1,icon,1
ohqrfkd,1,1649,real,pie,1,tomato,corn,tomato,ArrowLeft,"fewer, more",1,MORE,"color, icon, geo",1,icon,2
ohqrfkd,0,1888,real,pie,5,celery,olive,celery,ArrowRight,"fewer, more",1,MORE,"color, icon, geo",1,icon,3
ohqrfkd,1,2086,real,pie,9,corn,mushroom,mushroom,ArrowRight,"fewer, more",1,MORE,"color, icon, geo",1,icon,4
ohqrfkd,1,1233,real,pie,6,olive,mushroom,mushroom,ArrowRight,"fewer, more",1,MORE,"color, icon, geo",1,icon,5
ohqrfkd,0,792,real,pie,7,mushroom,corn,corn,ArrowLeft,"fewer, more",1,MORE,"color, icon, geo",1,icon,6
ohqrfkd,1,1849,real,pie,4,carrot,mushroom,carrot,ArrowLeft,"fewer, more",1,MORE,"color, icon, geo",1,icon,7
ohqrfkd,1,1695,real,pie,0,eggplant,corn,corn,ArrowRight,"fewer, more",1,MORE,"color, icon, geo",1,icon,8
ohqrfkd,1,1667,real,pie,2,mushroom,celery,mushroom,ArrowLeft,"fewer, more",1,MORE,"color, icon, geo",1,icon,9
ohqrfkd,0,838,training,pie,22,mushroom,corn,corn,ArrowLeft,"fewer, more",1,MORE,"color, icon, geo",2,geo,0
ohqrfkd,0,458,training,pie,8,olive,eggplant,eggplant,ArrowLeft,"fewer, more",1,MORE,"color, icon, geo",2,geo,1
ohqrfkd,0,442,training,pie,24,mushroom,celery,celery,ArrowLeft,"fewer, more",1,MORE,"color, icon, geo",2,geo,2
ohqrfkd,1,1971,real,pie,0,eggplant,corn,corn,ArrowRight,"fewer, more",1,MORE,"color, icon, geo",2,geo,0
ohqrfkd,1,2376,real,pie,9,corn,mushroom,mushroom,ArrowRight,"fewer, more",1,MORE,"color, icon, geo",2,geo,1
ohqrfkd,1,1146,real,pie,2,mushroom,celery,mushroom,ArrowLeft,"fewer, more",1,MORE,"color, icon, geo",2,geo,2
ohqrfkd,0,734,real,pie,5,celery,olive,celery,ArrowRight,"fewer, more",1,MORE,"color, icon, geo",2,geo,3
ohqrfkd,1,2497,real,pie,3,olive,corn,corn,ArrowRight,"fewer, more",1,MORE,"color, icon, geo",2,geo,4
ohqrfkd,0,1633,real,pie,1,tomato,corn,tomato,ArrowRight,"fewer, more",1,MORE,"color, icon, geo",2,geo,5
ohqrfkd,1,1403,real,pie,7,mushroom,corn,corn,ArrowRight,"fewer, more",1,MORE,"color, icon, geo",2,geo,6
ohqrfkd,1,832,real,pie,8,corn,celery,corn,ArrowLeft,"fewer, more",1,MORE,"color, icon, geo",2,geo,7
ohqrfkd,0,1112,real,pie,4,carrot,mushroom,carrot,ArrowRight,"fewer, more",1,MORE,"color, icon, geo",2,geo,8
ohqrfkd,1,1768,real,pie,6,olive,mushroom,mushroom,ArrowRight,"fewer, more",1,MORE,"color, icon, geo",2,geo,9
ovlndtq,1,3342,training,bar,17,corn,mushroom,corn,ArrowLeft,"fewer, more",0,FEWER,"icon, color, geo",0,icon,0
ovlndtq,1,3938,training,bar,14,eggplant,tomato,eggplant,ArrowLeft,"fewer, more",0,FEWER,"icon, color, geo",0,icon,1
ovlndtq,1,2504,training,bar,6,celery,mushroom,mushroom,ArrowRight,"fewer, more",0,FEWER,"icon, color, geo",0,icon,2
ovlndtq,1,2596,real,bar,4,mushroom,carrot,mushroom,ArrowLeft,"fewer, more",0,FEWER,"icon, color, geo",0,icon,0
ovlndtq,1,1590,real,bar,6,mushroom,olive,olive,ArrowRight,"fewer, more",0,FEWER,"icon, color, geo",0,icon,1
ovlndtq,1,2069,real,bar,1,corn,tomato,corn,ArrowLeft,"fewer, more",0,FEWER,"icon, color, geo",0,icon,2
ovlndtq,1,2279,real,bar,0,eggplant,corn,eggplant,ArrowLeft,"fewer, more",0,FEWER,"icon, color, geo",0,icon,3
ovlndtq,1,2951,real,bar,8,celery,corn,celery,ArrowLeft,"fewer, more",0,FEWER,"icon, color, geo",0,icon,4
ovlndtq,1,1942,real,bar,5,olive,celery,olive,ArrowLeft,"fewer, more",0,FEWER,"icon, color, geo",0,icon,5
ovlndtq,1,2750,real,bar,9,mushroom,corn,corn,ArrowRight,"fewer, more",0,FEWER,"icon, color, geo",0,icon,6
ovlndtq,1,2015,real,bar,3,corn,olive,olive,ArrowRight,"fewer, more",0,FEWER,"icon, color, geo",0,icon,7
ovlndtq,1,2046,real,bar,2,celery,mushroom,celery,ArrowLeft,"fewer, more",0,FEWER,"icon, color, geo",0,icon,8
ovlndtq,1,1895,real,bar,7,corn,mushroom,mushroom,ArrowRight,"fewer, more",0,FEWER,"icon, color, geo",0,icon,9
ovlndtq,1,1674,training,bar,24,celery,mushroom,mushroom,ArrowRight,"fewer, more",0,FEWER,"icon, color, geo",1,color,0
ovlndtq,1,1031,training,bar,18,corn,eggplant,corn,ArrowLeft,"fewer, more",0,FEWER,"icon, color, geo",1,color,1
ovlndtq,1,1929,training,bar,19,carrot,eggplant,eggplant,ArrowRight,"fewer, more",0,FEWER,"icon, color, geo",1,color,2
ovlndtq,0,1090,real,bar,7,corn,mushroom,mushroom,ArrowLeft,"fewer, more",0,FEWER,"icon, color, geo",1,color,0
ovlndtq,1,2036,real,bar,1,corn,tomato,corn,ArrowLeft,"fewer, more",0,FEWER,"icon, color, geo",1,color,1
ovlndtq,1,2446,real,bar,0,eggplant,corn,eggplant,ArrowLeft,"fewer, more",0,FEWER,"icon, color, geo",1,color,2
ovlndtq,1,2048,real,bar,6,mushroom,olive,olive,ArrowRight,"fewer, more",0,FEWER,"icon, color, geo",1,color,3
ovlndtq,0,2262,real,bar,8,celery,corn,celery,ArrowRight,"fewer, more",0,FEWER,"icon, color, geo",1,color,4
ovlndtq,1,2827,real,bar,4,mushroom,carrot,mushroom,ArrowLeft,"fewer, more",0,FEWER,"icon, color, geo",1,color,5
ovlndtq,1,3698,real,bar,2,celery,mushroom,celery,ArrowLeft,"fewer, more",0,FEWER,"icon, color, geo",1,color,6
ovlndtq,1,2693,real,bar,5,olive,celery,olive,ArrowLeft,"fewer, more",0,FEWER,"icon, color, geo",1,color,7
ovlndtq,1,2055,real,bar,3,corn,olive,olive,ArrowRight,"fewer, more",0,FEWER,"icon, color, geo",1,color,8
ovlndtq,1,1406,real,bar,9,mushroom,corn,corn,ArrowRight,"fewer, more",0,FEWER,"icon, color, geo",1,color,9
ovlndtq,1,3748,training,bar,4,celery,carrot,carrot,ArrowRight,"fewer, more",0,FEWER,"icon, color, geo",2,geo,0
ovlndtq,1,2614,training,bar,17,corn,mushroom,corn,ArrowLeft,"fewer, more",0,FEWER,"icon, color, geo",2,geo,1
ovlndtq,1,4275,training,bar,9,mushroom,eggplant,eggplant,ArrowRight,"fewer, more",0,FEWER,"icon, color, geo",2,geo,2
ovlndtq,1,3552,real,bar,1,corn,tomato,corn,ArrowLeft,"fewer, more",0,FEWER,"icon, color, geo",2,geo,0
ovlndtq,1,1925,real,bar,9,mushroom,corn,corn,ArrowRight,"fewer, more",0,FEWER,"icon, color, geo",2,geo,1
ovlndtq,1,4190,real,bar,0,eggplant,corn,eggplant,ArrowLeft,"fewer, more",0,FEWER,"icon, color, geo",2,geo,2
ovlndtq,1,3007,real,bar,2,celery,mushroom,celery,ArrowLeft,"fewer, more",0,FEWER,"icon, color, geo",2,geo,3
ovlndtq,1,2549,real,bar,4,mushroom,carrot,mushroom,ArrowLeft,"fewer, more",0,FEWER,"icon, color, geo",2,geo,4
ovlndtq,1,2785,real,bar,6,mushroom,olive,olive,ArrowRight,"fewer, more",0,FEWER,"icon, color, geo",2,geo,5
ovlndtq,1,2927,real,bar,7,corn,mushroom,mushroom,ArrowRight,"fewer, more",0,FEWER,"icon, color, geo",2,geo,6
ovlndtq,1,3579,real,bar,5,olive,celery,olive,ArrowLeft,"fewer, more",0,FEWER,"icon, color, geo",2,geo,7
ovlndtq,1,1863,real,bar,3,corn,olive,olive,ArrowRight,"fewer, more",0,FEWER,"icon, color, geo",2,geo,8
ovlndtq,1,2478,real,bar,8,celery,corn,celery,ArrowLeft,"fewer, more",0,FEWER,"icon, color, geo",2,geo,9
ovlndtq,1,2326,training,bar,12,celery,corn,corn,ArrowRight,"fewer, more",1,MORE,"icon, geo, color",0,icon,0
ovlndtq,1,3613,training,bar,16,mushroom,olive,mushroom,ArrowLeft,"fewer, more",1,MORE,"icon, geo, color",0,icon,1
ovlndtq,-1,5000,training,bar,25,corn,eggplant,corn,none,"fewer, more",1,MORE,"icon, geo, color",0,icon,2
ovlndtq,1,2454,real,bar,4,mushroom,carrot,carrot,ArrowRight,"fewer, more",1,MORE,"icon, geo, color",0,icon,0
ovlndtq,0,2598,real,bar,6,mushroom,olive,mushroom,ArrowRight,"fewer, more",1,MORE,"icon, geo, color",0,icon,1
ovlndtq,1,2007,real,bar,1,corn,tomato,tomato,ArrowRight,"fewer, more",1,MORE,"icon, geo, color",0,icon,2
ovlndtq,1,2253,real,bar,0,eggplant,corn,corn,ArrowRight,"fewer, more",1,MORE,"icon, geo, color",0,icon,3
ovlndtq,1,1757,real,bar,8,celery,corn,corn,ArrowRight,"fewer, more",1,MORE,"icon, geo, color",0,icon,4
ovlndtq,1,2214,real,bar,5,olive,celery,celery,ArrowRight,"fewer, more",1,MORE,"icon, geo, color",0,icon,5
ovlndtq,1,2996,real,bar,9,mushroom,corn,mushroom,ArrowLeft,"fewer, more",1,MORE,"icon, geo, color",0,icon,6
ovlndtq,0,1421,real,bar,3,corn,olive,corn,ArrowRight,"fewer, more",1,MORE,"icon, geo, color",0,icon,7
ovlndtq,1,2609,real,bar,2,celery,mushroom,mushroom,ArrowRight,"fewer, more",1,MORE,"icon, geo, color",0,icon,8
ovlndtq,1,1979,real,bar,7,corn,mushroom,corn,ArrowLeft,"fewer, more",1,MORE,"icon, geo, color",0,icon,9
ovlndtq,1,2307,training,bar,25,corn,eggplant,corn,ArrowLeft,"fewer, more",1,MORE,"icon, geo, color",1,geo,0
ovlndtq,1,2327,training,bar,1,corn,mushroom,mushroom,ArrowRight,"fewer, more",1,MORE,"icon, geo, color",1,geo,1
ovlndtq,1,3141,training,bar,3,carrot,celery,celery,ArrowRight,"fewer, more",1,MORE,"icon, geo, color",1,geo,2
ovlndtq,1,1918,real,bar,1,corn,tomato,tomato,ArrowRight,"fewer, more",1,MORE,"icon, geo, color",1,geo,0
ovlndtq,1,3888,real,bar,9,mushroom,corn,mushroom,ArrowLeft,"fewer, more",1,MORE,"icon, geo, color",1,geo,1
ovlndtq,1,2648,real,bar,0,eggplant,corn,corn,ArrowRight,"fewer, more",1,MORE,"icon, geo, color",1,geo,2
ovlndtq,1,3886,real,bar,2,celery,mushroom,mushroom,ArrowRight,"fewer, more",1,MORE,"icon, geo, color",1,geo,3
ovlndtq,1,2108,real,bar,4,mushroom,carrot,carrot,ArrowRight,"fewer, more",1,MORE,"icon, geo, color",1,geo,4
ovlndtq,1,2451,real,bar,6,mushroom,olive,mushroom,ArrowLeft,"fewer, more",1,MORE,"icon, geo, color",1,geo,5
ovlndtq,1,2868,real,bar,7,corn,mushroom,corn,ArrowLeft,"fewer, more",1,MORE,"icon, geo, color",1,geo,6
ovlndtq,1,3385,real,bar,5,olive,celery,celery,ArrowRight,"fewer, more",1,MORE,"icon, geo, color",1,geo,7
ovlndtq,1,1793,real,bar,3,corn,olive,corn,ArrowLeft,"fewer, more",1,MORE,"icon, geo, color",1,geo,8
ovlndtq,1,1856,real,bar,8,celery,corn,corn,ArrowRight,"fewer, more",1,MORE,"icon, geo, color",1,geo,9
ovlndtq,1,2108,training,bar,2,tomato,mushroom,mushroom,ArrowRight,"fewer, more",1,MORE,"icon, geo, color",2,color,0
ovlndtq,1,1677,training,bar,22,corn,mushroom,corn,ArrowLeft,"fewer, more",1,MORE,"icon, geo, color",2,color,1
ovlndtq,1,2114,training,bar,10,celery,eggplant,celery,ArrowLeft,"fewer, more",1,MORE,"icon, geo, color",2,color,2
ovlndtq,1,1249,real,bar,7,corn,mushroom,corn,ArrowLeft,"fewer, more",1,MORE,"icon, geo, color",2,color,0
ovlndtq,1,2191,real,bar,1,corn,tomato,tomato,ArrowRight,"fewer, more",1,MORE,"icon, geo, color",2,color,1
ovlndtq,1,1748,real,bar,0,eggplant,corn,corn,ArrowRight,"fewer, more",1,MORE,"icon, geo, color",2,color,2
ovlndtq,1,2211,real,bar,6,mushroom,olive,mushroom,ArrowLeft,"fewer, more",1,MORE,"icon, geo, color",2,color,3
ovlndtq,1,2595,real,bar,8,celery,corn,corn,ArrowRight,"fewer, more",1,MORE,"icon, geo, color",2,color,4
ovlndtq,1,1819,real,bar,4,mushroom,carrot,carrot,ArrowRight,"fewer, more",1,MORE,"icon, geo, color",2,color,5
ovlndtq,1,2893,real,bar,2,celery,mushroom,mushroom,ArrowRight,"fewer, more",1,MORE,"icon, geo, color",2,color,6
ovlndtq,1,2831,real,bar,5,olive,celery,celery,ArrowRight,"fewer, more",1,MORE,"icon, geo, color",2,color,7
ovlndtq,1,1793,real,bar,3,corn,olive,corn,ArrowLeft,"fewer, more",1,MORE,"icon, geo, color",2,color,8
ovlndtq,1,2134,real,bar,9,mushroom,corn,mushroom,ArrowLeft,"fewer, more",1,MORE,"icon, geo, color",2,color,9
rhqamfz,-1,5000,training,bar,17,corn,mushroom,mushroom,none,"more, fewer",0,MORE,"color, icon, geo",0,color,0
rhqamfz,1,3273,training,bar,5,olive,carrot,olive,ArrowLeft,"more, fewer",0,MORE,"color, icon, geo",0,color,1
rhqamfz,1,2792,training,bar,24,celery,mushroom,celery,ArrowLeft,"more, fewer",0,MORE,"color, icon, geo",0,color,2
rhqamfz,1,3898,real,bar,6,mushroom,olive,mushroom,ArrowLeft,"more, fewer",0,MORE,"color, icon, geo",0,color,0
rhqamfz,1,2258,real,bar,5,olive,celery,celery,ArrowRight,"more, fewer",0,MORE,"color, icon, geo",0,color,1
rhqamfz,1,1393,real,bar,8,celery,corn,corn,ArrowRight,"more, fewer",0,MORE,"color, icon, geo",0,color,2
rhqamfz,1,2823,real,bar,2,celery,mushroom,mushroom,ArrowRight,"more, fewer",0,MORE,"color, icon, geo",0,color,3
rhqamfz,0,1486,real,bar,3,corn,olive,corn,ArrowRight,"more, fewer",0,MORE,"color, icon, geo",0,color,4
rhqamfz,1,3091,real,bar,1,corn,tomato,tomato,ArrowRight,"more, fewer",0,MORE,"color, icon, geo",0,color,5
rhqamfz,1,2942,real,bar,4,mushroom,carrot,carrot,ArrowRight,"more, fewer",0,MORE,"color, icon, geo",0,color,6
rhqamfz,1,2045,real,bar,9,mushroom,corn,mushroom,ArrowLeft,"more, fewer",0,MORE,"color, icon, geo",0,color,7
rhqamfz,1,2652,real,bar,0,eggplant,corn,corn,ArrowRight,"more, fewer",0,MORE,"color, icon, geo",0,color,8
rhqamfz,1,3303,real,bar,7,corn,mushroom,corn,ArrowLeft,"more, fewer",0,MORE,"color, icon, geo",0,color,9
rhqamfz,1,2470,training,bar,1,corn,mushroom,mushroom,ArrowRight,"more, fewer",0,MORE,"color, icon, geo",1,icon,0
rhqamfz,0,2909,training,bar,25,corn,eggplant,corn,ArrowRight,"more, fewer",0,MORE,"color, icon, geo",1,icon,1
rhqamfz,1,3403,training,bar,15,eggplant,tomato,tomato,ArrowRight,"more, fewer",0,MORE,"color, icon, geo",1,icon,2
rhqamfz,1,2173,real,bar,3,corn,olive,corn,ArrowLeft,"more, fewer",0,MORE,"color, icon, geo",1,icon,0
rhqamfz,0,2403,real,bar,2,celery,mushroom,mushroom,ArrowLeft,"more, fewer",0,MORE,"color, icon, geo",1,icon,1
rhqamfz,1,3333,real,bar,6,mushroom,olive,mushroom,ArrowLeft,"more, fewer",0,MORE,"color, icon, geo",1,icon,2
rhqamfz,1,1393,real,bar,7,corn,mushroom,corn,ArrowLeft,"more, fewer",0,MORE,"color, icon, geo",1,icon,3
rhqamfz,1,3548,real,bar,9,mushroom,corn,mushroom,ArrowLeft,"more, fewer",0,MORE,"color, icon, geo",1,icon,4
rhqamfz,0,3579,real,bar,0,eggplant,corn,corn,ArrowLeft,"more, fewer",0,MORE,"color, icon, geo",1,icon,5
rhqamfz,1,3922,real,bar,1,corn,tomato,tomato,ArrowRight,"more, fewer",0,MORE,"color, icon, geo",1,icon,6
rhqamfz,1,3363,real,bar,4,mushroom,carrot,carrot,ArrowRight,"more, fewer",0,MORE,"color, icon, geo",1,icon,7
rhqamfz,1,3348,real,bar,5,olive,celery,celery,ArrowRight,"more, fewer",0,MORE,"color, icon, geo",1,icon,8
rhqamfz,1,4473,real,bar,8,celery,corn,corn,ArrowRight,"more, fewer",0,MORE,"color, icon, geo",1,icon,9
rhqamfz,1,1848,training,bar,1,corn,mushroom,mushroom,ArrowRight,"more, fewer",0,MORE,"color, icon, geo",2,geo,0
rhqamfz,1,1853,training,bar,19,carrot,eggplant,carrot,ArrowLeft,"more, fewer",0,MORE,"color, icon, geo",2,geo,1
rhqamfz,1,1735,training,bar,0,corn,carrot,carrot,ArrowRight,"more, fewer",0,MORE,"color, icon, geo",2,geo,2
rhqamfz,0,1071,real,bar,0,eggplant,corn,corn,ArrowLeft,"more, fewer",0,MORE,"color, icon, geo",2,geo,0
rhqamfz,1,3459,real,bar,2,celery,mushroom,mushroom,ArrowRight,"more, fewer",0,MORE,"color, icon, geo",2,geo,1
rhqamfz,1,2438,real,bar,3,corn,olive,corn,ArrowLeft,"more, fewer",0,MORE,"color, icon, geo",2,geo,2
rhqamfz,1,2493,real,bar,1,corn,tomato,tomato,ArrowRight,"more, fewer",0,MORE,"color, icon, geo",2,geo,3
rhqamfz,1,906,real,bar,5,olive,celery,celery,ArrowRight,"more, fewer",0,MORE,"color, icon, geo",2,geo,4
rhqamfz,0,1872,real,bar,6,mushroom,olive,mushroom,ArrowRight,"more, fewer",0,MORE,"color, icon, geo",2,geo,5
rhqamfz,0,1718,real,bar,4,mushroom,carrot,carrot,ArrowLeft,"more, fewer",0,MORE,"color, icon, geo",2,geo,6
rhqamfz,0,1631,real,bar,9,mushroom,corn,mushroom,ArrowRight,"more, fewer",0,MORE,"color, icon, geo",2,geo,7
rhqamfz,1,1412,real,bar,7,corn,mushroom,corn,ArrowLeft,"more, fewer",0,MORE,"color, icon, geo",2,geo,8
rhqamfz,1,2026,real,bar,8,celery,corn,corn,ArrowRight,"more, fewer",0,MORE,"color, icon, geo",2,geo,9
rhqamfz,1,3990,training,bar,17,corn,mushroom,corn,ArrowLeft,"more, fewer",1,FEWER,"icon, color, geo",0,icon,0
rhqamfz,1,2469,training,bar,0,corn,carrot,corn,ArrowLeft,"more, fewer",1,FEWER,"icon, color, geo",0,icon,1
rhqamfz,1,3018,training,bar,11,tomato,carrot,carrot,ArrowRight,"more, fewer",1,FEWER,"icon, color, geo",0,icon,2
rhqamfz,0,2565,real,bar,3,corn,olive,olive,ArrowLeft,"more, fewer",1,FEWER,"icon, color, geo",0,icon,0
rhqamfz,1,2189,real,bar,2,celery,mushroom,celery,ArrowLeft,"more, fewer",1,FEWER,"icon, color, geo",0,icon,1
rhqamfz,1,2061,real,bar,6,mushroom,olive,olive,ArrowRight,"more, fewer",1,FEWER,"icon, color, geo",0,icon,2
rhqamfz,0,2917,real,bar,7,corn,mushroom,mushroom,ArrowLeft,"more, fewer",1,FEWER,"icon, color, geo",0,icon,3
rhqamfz,1,2897,real,bar,9,mushroom,corn,corn,ArrowRight,"more, fewer",1,FEWER,"icon, color, geo",0,icon,4
rhqamfz,1,1942,real,bar,0,eggplant,corn,eggplant,ArrowLeft,"more, fewer",1,FEWER,"icon, color, geo",0,icon,5
rhqamfz,1,1714,real,bar,1,corn,tomato,corn,ArrowLeft,"more, fewer",1,FEWER,"icon, color, geo",0,icon,6
rhqamfz,1,2150,real,bar,4,mushroom,carrot,mushroom,ArrowLeft,"more, fewer",1,FEWER,"icon, color, geo",0,icon,7
rhqamfz,1,2459,real,bar,5,olive,celery,olive,ArrowLeft,"more, fewer",1,FEWER,"icon, color, geo",0,icon,8
rhqamfz,1,1765,real,bar,8,celery,corn,celery,ArrowLeft,"more, fewer",1,FEWER,"icon, color, geo",0,icon,9
rhqamfz,1,4168,training,bar,1,corn,mushroom,corn,ArrowLeft,"more, fewer",1,FEWER,"icon, color, geo",1,color,0
rhqamfz,1,2496,training,bar,26,mushroom,olive,mushroom,ArrowLeft,"more, fewer",1,FEWER,"icon, color, geo",1,color,1
rhqamfz,1,2793,training,bar,8,olive,eggplant,olive,ArrowLeft,"more, fewer",1,FEWER,"icon, color, geo",1,color,2
rhqamfz,1,3541,real,bar,6,mushroom,olive,olive,ArrowRight,"more, fewer",1,FEWER,"icon, color, geo",1,color,0
rhqamfz,1,2313,real,bar,5,olive,celery,olive,ArrowLeft,"more, fewer",1,FEWER,"icon, color, geo",1,color,1
rhqamfz,1,2317,real,bar,8,celery,corn,celery,ArrowLeft,"more, fewer",1,FEWER,"icon, color, geo",1,color,2
rhqamfz,1,1255,real,bar,2,celery,mushroom,celery,ArrowLeft,"more, fewer",1,FEWER,"icon, color, geo",1,color,3
rhqamfz,1,1881,real,bar,3,corn,olive,olive,ArrowRight,"more, fewer",1,FEWER,"icon, color, geo",1,color,4
rhqamfz,1,1026,real,bar,1,corn,tomato,corn,ArrowLeft,"more, fewer",1,FEWER,"icon, color, geo",1,color,5
rhqamfz,1,1324,real,bar,4,mushroom,carrot,mushroom,ArrowLeft,"more, fewer",1,FEWER,"icon, color, geo",1,color,6
rhqamfz,1,1889,real,bar,9,mushroom,corn,corn,ArrowRight,"more, fewer",1,FEWER,"icon, color, geo",1,color,7
rhqamfz,1,2439,real,bar,0,eggplant,corn,eggplant,ArrowLeft,"more, fewer",1,FEWER,"icon, color, geo",1,color,8
rhqamfz,1,1190,real,bar,7,corn,mushroom,mushroom,ArrowRight,"more, fewer",1,FEWER,"icon, color, geo",1,color,9
rhqamfz,1,1452,training,bar,14,eggplant,tomato,eggplant,ArrowLeft,"more, fewer",1,FEWER,"icon, color, geo",2,geo,0
rhqamfz,1,1578,training,bar,26,mushroom,olive,mushroom,ArrowLeft,"more, fewer",1,FEWER,"icon, color, geo",2,geo,1
rhqamfz,1,1464,training,bar,14,eggplant,tomato,eggplant,ArrowLeft,"more, fewer",1,FEWER,"icon, color, geo",2,geo,2
rhqamfz,0,1624,real,bar,0,eggplant,corn,eggplant,ArrowRight,"more, fewer",1,FEWER,"icon, color, geo",2,geo,0
rhqamfz,1,993,real,bar,2,celery,mushroom,celery,ArrowLeft,"more, fewer",1,FEWER,"icon, color, geo",2,geo,1
rhqamfz,1,1944,real,bar,3,corn,olive,olive,ArrowRight,"more, fewer",1,FEWER,"icon, color, geo",2,geo,2
rhqamfz,1,1655,real,bar,1,corn,tomato,corn,ArrowLeft,"more, fewer",1,FEWER,"icon, color, geo",2,geo,3
rhqamfz,0,1216,real,bar,5,olive,celery,olive,ArrowRight,"more, fewer",1,FEWER,"icon, color, geo",2,geo,4
rhqamfz,1,1936,real,bar,6,mushroom,olive,olive,ArrowRight,"more, fewer",1,FEWER,"icon, color, geo",2,geo,5
rhqamfz,0,1206,real,bar,4,mushroom,carrot,mushroom,ArrowRight,"more, fewer",1,FEWER,"icon, color, geo",2,geo,6
rhqamfz,1,2290,real,bar,9,mushroom,corn,corn,ArrowRight,"more, fewer",1,FEWER,"icon, color, geo",2,geo,7
rhqamfz,0,1558,real,bar,7,corn,mushroom,mushroom,ArrowLeft,"more, fewer",1,FEWER,"icon, color, geo",2,geo,8
rhqamfz,1,1709,real,bar,8,celery,corn,celery,ArrowLeft,"more, fewer",1,FEWER,"icon, color, geo",2,geo,9
ribolpj,1,3315,training,pie,14,tomato,eggplant,tomato,ArrowLeft,"more, fewer",0,MORE,"geo, color, icon",0,geo,0
ribolpj,0,3053,training,pie,20,tomato,eggplant,eggplant,ArrowLeft,"more, fewer",0,MORE,"geo, color, icon",0,geo,1
ribolpj,1,3516,training,pie,28,celery,mushroom,mushroom,ArrowRight,"more, fewer",0,MORE,"geo, color, icon",0,geo,2
ribolpj,1,1402,real,pie,8,corn,celery,corn,ArrowLeft,"more, fewer",0,MORE,"geo, color, icon",0,geo,0
ribolpj,1,1413,real,pie,5,celery,olive,celery,ArrowLeft,"more, fewer",0,MORE,"geo, color, icon",0,geo,1
ribolpj,0,1549,real,pie,1,tomato,corn,tomato,ArrowRight,"more, fewer",0,MORE,"geo, color, icon",0,geo,2
ribolpj,1,2435,real,pie,2,mushroom,celery,mushroom,ArrowLeft,"more, fewer",0,MORE,"geo, color, icon",0,geo,3
ribolpj,1,2166,real,pie,3,olive,corn,corn,ArrowRight,"more, fewer",0,MORE,"geo, color, icon",0,geo,4
ribolpj,1,2056,real,pie,0,eggplant,corn,corn,ArrowRight,"more, fewer",0,MORE,"geo, color, icon",0,geo,5
ribolpj,1,1801,real,pie,9,corn,mushroom,mushroom,ArrowRight,"more, fewer",0,MORE,"geo, color, icon",0,geo,6
ribolpj,1,2000,real,pie,4,carrot,mushroom,carrot,ArrowLeft,"more, fewer",0,MORE,"geo, color, icon",0,geo,7
ribolpj,1,1694,real,pie,7,mushroom,corn,corn,ArrowRight,"more, fewer",0,MORE,"geo, color, icon",0,geo,8
ribolpj,1,2492,real,pie,6,olive,mushroom,mushroom,ArrowRight,"more, fewer",0,MORE,"geo, color, icon",0,geo,9
ribolpj,1,2985,training,pie,19,eggplant,carrot,carrot,ArrowRight,"more, fewer",0,MORE,"geo, color, icon",1,color,0
ribolpj,1,2213,training,pie,11,carrot,tomato,tomato,ArrowRight,"more, fewer",0,MORE,"geo, color, icon",1,color,1
ribolpj,1,1177,training,pie,22,mushroom,corn,corn,ArrowRight,"more, fewer",0,MORE,"geo, color, icon",1,color,2
ribolpj,1,941,real,pie,8,corn,celery,corn,ArrowLeft,"more, fewer",0,MORE,"geo, color, icon",1,color,0
ribolpj,1,1559,real,pie,9,corn,mushroom,mushroom,ArrowRight,"more, fewer",0,MORE,"geo, color, icon",1,color,1
ribolpj,1,3017,real,pie,1,tomato,corn,tomato,ArrowLeft,"more, fewer",0,MORE,"geo, color, icon",1,color,2
ribolpj,1,2046,real,pie,4,carrot,mushroom,carrot,ArrowLeft,"more, fewer",0,MORE,"geo, color, icon",1,color,3
ribolpj,1,2430,real,pie,6,olive,mushroom,mushroom,ArrowRight,"more, fewer",0,MORE,"geo, color, icon",1,color,4
ribolpj,1,2807,real,pie,0,eggplant,corn,corn,ArrowRight,"more, fewer",0,MORE,"geo, color, icon",1,color,5
ribolpj,1,2252,real,pie,7,mushroom,corn,corn,ArrowRight,"more, fewer",0,MORE,"geo, color, icon",1,color,6
ribolpj,1,1343,real,pie,3,olive,corn,corn,ArrowRight,"more, fewer",0,MORE,"geo, color, icon",1,color,7
ribolpj,1,2831,real,pie,5,celery,olive,celery,ArrowLeft,"more, fewer",0,MORE,"geo, color, icon",1,color,8
ribolpj,1,2633,real,pie,2,mushroom,celery,mushroom,ArrowLeft,"more, fewer",0,MORE,"geo, color, icon",1,color,9
ribolpj,1,1903,training,pie,21,eggplant,mushroom,mushroom,ArrowRight,"more, fewer",0,MORE,"geo, color, icon",2,icon,0
ribolpj,1,1313,training,pie,15,eggplant,tomato,tomato,ArrowRight,"more, fewer",0,MORE,"geo, color, icon",2,icon,1
ribolpj,1,1433,training,pie,10,eggplant,celery,celery,ArrowRight,"more, fewer",0,MORE,"geo, color, icon",2,icon,2
ribolpj,1,3204,real,pie,5,celery,olive,celery,ArrowLeft,"more, fewer",0,MORE,"geo, color, icon",2,icon,0
ribolpj,1,813,real,pie,8,corn,celery,corn,ArrowLeft,"more, fewer",0,MORE,"geo, color, icon",2,icon,1
ribolpj,1,973,real,pie,7,mushroom,corn,corn,ArrowRight,"more, fewer",0,MORE,"geo, color, icon",2,icon,2
ribolpj,1,2856,real,pie,2,mushroom,celery,mushroom,ArrowLeft,"more, fewer",0,MORE,"geo, color, icon",2,icon,3
ribolpj,1,2191,real,pie,9,corn,mushroom,mushroom,ArrowRight,"more, fewer",0,MORE,"geo, color, icon",2,icon,4
ribolpj,1,2596,real,pie,3,olive,corn,corn,ArrowRight,"more, fewer",0,MORE,"geo, color, icon",2,icon,5
ribolpj,1,1926,real,pie,0,eggplant,corn,corn,ArrowRight,"more, fewer",0,MORE,"geo, color, icon",2,icon,6
ribolpj,1,2024,real,pie,6,olive,mushroom,mushroom,ArrowRight,"more, fewer",0,MORE,"geo, color, icon",2,icon,7
ribolpj,1,2570,real,pie,4,carrot,mushroom,carrot,ArrowLeft,"more, fewer",0,MORE,"geo, color, icon",2,icon,8
ribolpj,1,1363,real,pie,1,tomato,corn,tomato,ArrowLeft,"more, fewer",0,MORE,"geo, color, icon",2,icon,9
ribolpj,1,1766,training,pie,26,olive,mushroom,mushroom,ArrowRight,"more, fewer",1,FEWER,"icon, geo, color",0,icon,0
ribolpj,1,2602,training,pie,0,carrot,corn,corn,ArrowRight,"more, fewer",1,FEWER,"icon, geo, color",0,icon,1
ribolpj,1,1864,training,pie,20,tomato,eggplant,tomato,ArrowLeft,"more, fewer",1,FEWER,"icon, geo, color",0,icon,2
ribolpj,1,2167,real,pie,5,celery,olive,olive,ArrowRight,"more, fewer",1,FEWER,"icon, geo, color",0,icon,0
ribolpj,1,1814,real,pie,8,corn,celery,celery,ArrowRight,"more, fewer",1,FEWER,"icon, geo, color",0,icon,1
ribolpj,0,1853,real,pie,7,mushroom,corn,mushroom,ArrowRight,"more, fewer",1,FEWER,"icon, geo, color",0,icon,2
ribolpj,1,3063,real,pie,2,mushroom,celery,celery,ArrowRight,"more, fewer",1,FEWER,"icon, geo, color",0,icon,3
ribolpj,1,3242,real,pie,9,corn,mushroom,corn,ArrowLeft,"more, fewer",1,FEWER,"icon, geo, color",0,icon,4
ribolpj,1,4255,real,pie,3,olive,corn,olive,ArrowLeft,"more, fewer",1,FEWER,"icon, geo, color",0,icon,5
ribolpj,1,2659,real,pie,0,eggplant,corn,eggplant,ArrowLeft,"more, fewer",1,FEWER,"icon, geo, color",0,icon,6
ribolpj,1,3377,real,pie,6,olive,mushroom,olive,ArrowLeft,"more, fewer",1,FEWER,"icon, geo, color",0,icon,7
ribolpj,-1,5000,real,pie,4,carrot,mushroom,mushroom,none,"more, fewer",1,FEWER,"icon, geo, color",0,icon,8
ribolpj,1,1,real,pie,1,tomato,corn,corn,ArrowRight,"more, fewer",1,FEWER,"icon, geo, color",0,icon,9
ribolpj,0,3813,training,pie,8,olive,eggplant,olive,ArrowRight,"more, fewer",1,FEWER,"icon, geo, color",1,geo,0
ribolpj,1,3312,training,pie,24,mushroom,celery,mushroom,ArrowLeft,"more, fewer",1,FEWER,"icon, geo, color",1,geo,1
ribolpj,1,2785,training,pie,14,tomato,eggplant,eggplant,ArrowRight,"more, fewer",1,FEWER,"icon, geo, color",1,geo,2
ribolpj,1,1591,real,pie,8,corn,celery,celery,ArrowRight,"more, fewer",1,FEWER,"icon, geo, color",1,geo,0
ribolpj,1,1006,real,pie,5,celery,olive,olive,ArrowRight,"more, fewer",1,FEWER,"icon, geo, color",1,geo,1
ribolpj,1,1681,real,pie,1,tomato,corn,corn,ArrowRight,"more, fewer",1,FEWER,"icon, geo, color",1,geo,2
ribolpj,1,1069,real,pie,2,mushroom,celery,celery,ArrowRight,"more, fewer",1,FEWER,"icon, geo, color",1,geo,3
ribolpj,1,1436,real,pie,3,olive,corn,olive,ArrowLeft,"more, fewer",1,FEWER,"icon, geo, color",1,geo,4
ribolpj,0,2113,real,pie,0,eggplant,corn,eggplant,ArrowRight,"more, fewer",1,FEWER,"icon, geo, color",1,geo,5
ribolpj,1,2128,real,pie,9,corn,mushroom,corn,ArrowLeft,"more, fewer",1,FEWER,"icon, geo, color",1,geo,6
ribolpj,1,1220,real,pie,4,carrot,mushroom,mushroom,ArrowRight,"more, fewer",1,FEWER,"icon, geo, color",1,geo,7
ribolpj,1,2497,real,pie,7,mushroom,corn,mushroom,ArrowLeft,"more, fewer",1,FEWER,"icon, geo, color",1,geo,8
ribolpj,1,2021,real,pie,6,olive,mushroom,olive,ArrowLeft,"more, fewer",1,FEWER,"icon, geo, color",1,geo,9
ribolpj,1,2958,training,pie,17,mushroom,corn,corn,ArrowRight,"more, fewer",1,FEWER,"icon, geo, color",2,color,0
ribolpj,1,4125,training,pie,8,olive,eggplant,olive,ArrowLeft,"more, fewer",1,FEWER,"icon, geo, color",2,color,1
ribolpj,0,3957,training,pie,26,olive,mushroom,mushroom,ArrowLeft,"more, fewer",1,FEWER,"icon, geo, color",2,color,2
ribolpj,1,893,real,pie,8,corn,celery,celery,ArrowRight,"more, fewer",1,FEWER,"icon, geo, color",2,color,0
ribolpj,0,2652,real,pie,9,corn,mushroom,corn,ArrowRight,"more, fewer",1,FEWER,"icon, geo, color",2,color,1
ribolpj,1,1796,real,pie,1,tomato,corn,corn,ArrowRight,"more, fewer",1,FEWER,"icon, geo, color",2,color,2
ribolpj,0,1655,real,pie,4,carrot,mushroom,mushroom,ArrowLeft,"more, fewer",1,FEWER,"icon, geo, color",2,color,3
ribolpj,1,2752,real,pie,6,olive,mushroom,olive,ArrowLeft,"more, fewer",1,FEWER,"icon, geo, color",2,color,4
ribolpj,1,2396,real,pie,0,eggplant,corn,eggplant,ArrowLeft,"more, fewer",1,FEWER,"icon, geo, color",2,color,5
ribolpj,0,3613,real,pie,7,mushroom,corn,mushroom,ArrowRight,"more, fewer",1,FEWER,"icon, geo, color",2,color,6
ribolpj,0,3805,real,pie,3,olive,corn,olive,ArrowRight,"more, fewer",1,FEWER,"icon, geo, color",2,color,7
ribolpj,-1,5000,real,pie,5,celery,olive,olive,none,"more, fewer",1,FEWER,"icon, geo, color",2,color,8
ribolpj,1,349,real,pie,2,mushroom,celery,celery,ArrowRight,"more, fewer",1,FEWER,"icon, geo, color",2,color,9
txjhcfs,-1,5000,training,bar,9,mushroom,eggplant,mushroom,none,"more, fewer",0,MORE,"color, geo, icon",0,color,0
txjhcfs,1,4026,training,bar,5,olive,carrot,olive,ArrowLeft,"more, fewer",0,MORE,"color, geo, icon",0,color,1
txjhcfs,1,2344,training,bar,11,tomato,carrot,tomato,ArrowLeft,"more, fewer",0,MORE,"color, geo, icon",0,color,2
txjhcfs,1,3970,real,bar,2,celery,mushroom,mushroom,ArrowRight,"more, fewer",0,MORE,"color, geo, icon",0,color,0
txjhcfs,1,3052,real,bar,1,corn,tomato,tomato,ArrowRight,"more, fewer",0,MORE,"color, geo, icon",0,color,1
txjhcfs,1,3650,real,bar,0,eggplant,corn,corn,ArrowRight,"more, fewer",0,MORE,"color, geo, icon",0,color,2
txjhcfs,1,4635,real,bar,3,corn,olive,corn,ArrowLeft,"more, fewer",0,MORE,"color, geo, icon",0,color,3
txjhcfs,1,3906,real,bar,5,olive,celery,celery,ArrowRight,"more, fewer",0,MORE,"color, geo, icon",0,color,4
txjhcfs,1,4222,real,bar,9,mushroom,corn,mushroom,ArrowLeft,"more, fewer",0,MORE,"color, geo, icon",0,color,5
txjhcfs,1,3895,real,bar,8,celery,corn,corn,ArrowRight,"more, fewer",0,MORE,"color, geo, icon",0,color,6
txjhcfs,-1,5000,real,bar,4,mushroom,carrot,carrot,none,"more, fewer",0,MORE,"color, geo, icon",0,color,7
txjhcfs,1,4273,real,bar,7,corn,mushroom,corn,ArrowLeft,"more, fewer",0,MORE,"color, geo, icon",0,color,8
txjhcfs,1,2967,real,bar,6,mushroom,olive,mushroom,ArrowLeft,"more, fewer",0,MORE,"color, geo, icon",0,color,9
txjhcfs,0,2833,training,bar,13,olive,carrot,carrot,ArrowLeft,"more, fewer",0,MORE,"color, geo, icon",1,geo,0
txjhcfs,1,3181,training,bar,23,carrot,olive,olive,ArrowRight,"more, fewer",0,MORE,"color, geo, icon",1,geo,1
txjhcfs,-1,5000,training,bar,21,mushroom,eggplant,mushroom,none,"more, fewer",0,MORE,"color, geo, icon",1,geo,2
txjhcfs,1,2620,real,bar,8,celery,corn,corn,ArrowRight,"more, fewer",0,MORE,"color, geo, icon",1,geo,0
txjhcfs,1,1854,real,bar,7,corn,mushroom,corn,ArrowLeft,"more, fewer",0,MORE,"color, geo, icon",1,geo,1
txjhcfs,1,2656,real,bar,1,corn,tomato,tomato,ArrowRight,"more, fewer",0,MORE,"color, geo, icon",1,geo,2
txjhcfs,1,3109,real,bar,2,celery,mushroom,mushroom,ArrowRight,"more, fewer",0,MORE,"color, geo, icon",1,geo,3
txjhcfs,1,2717,real,bar,6,mushroom,olive,mushroom,ArrowLeft,"more, fewer",0,MORE,"color, geo, icon",1,geo,4
txjhcfs,1,2956,real,bar,5,olive,celery,celery,ArrowRight,"more, fewer",0,MORE,"color, geo, icon",1,geo,5
txjhcfs,1,3209,real,bar,4,mushroom,carrot,carrot,ArrowRight,"more, fewer",0,MORE,"color, geo, icon",1,geo,6
txjhcfs,-1,5000,real,bar,0,eggplant,corn,corn,none,"more, fewer",0,MORE,"color, geo, icon",1,geo,7
txjhcfs,1,2570,real,bar,3,corn,olive,corn,ArrowLeft,"more, fewer",0,MORE,"color, geo, icon",1,geo,8
txjhcfs,0,2987,real,bar,9,mushroom,corn,mushroom,ArrowRight,"more, fewer",0,MORE,"color, geo, icon",1,geo,9
txjhcfs,-1,5000,training,bar,28,mushroom,celery,mushroom,none,"more, fewer",0,MORE,"color, geo, icon",2,icon,0
txjhcfs,1,4887,training,bar,1,corn,mushroom,mushroom,ArrowRight,"more, fewer",0,MORE,"color, geo, icon",2,icon,1
txjhcfs,1,2783,training,bar,17,corn,mushroom,mushroom,ArrowRight,"more, fewer",0,MORE,"color, geo, icon",2,icon,2
txjhcfs,1,2635,real,bar,6,mushroom,olive,mushroom,ArrowLeft,"more, fewer",0,MORE,"color, geo, icon",2,icon,0
txjhcfs,1,3507,real,bar,0,eggplant,corn,corn,ArrowRight,"more, fewer",0,MORE,"color, geo, icon",2,icon,1
txjhcfs,1,3081,real,bar,2,celery,mushroom,mushroom,ArrowRight,"more, fewer",0,MORE,"color, geo, icon",2,icon,2
txjhcfs,1,4292,real,bar,5,olive,celery,celery,ArrowRight,"more, fewer",0,MORE,"color, geo, icon",2,icon,3
txjhcfs,1,4216,real,bar,9,mushroom,corn,mushroom,ArrowLeft,"more, fewer",0,MORE,"color, geo, icon",2,icon,4
txjhcfs,1,3076,real,bar,3,corn,olive,corn,ArrowLeft,"more, fewer",0,MORE,"color, geo, icon",2,icon,5
txjhcfs,1,1999,real,bar,1,corn,tomato,tomato,ArrowRight,"more, fewer",0,MORE,"color, geo, icon",2,icon,6
txjhcfs,1,1419,real,bar,7,corn,mushroom,corn,ArrowLeft,"more, fewer",0,MORE,"color, geo, icon",2,icon,7
txjhcfs,1,2277,real,bar,8,celery,corn,corn,ArrowRight,"more, fewer",0,MORE,"color, geo, icon",2,icon,8
txjhcfs,1,2626,real,bar,4,mushroom,carrot,carrot,ArrowRight,"more, fewer",0,MORE,"color, geo, icon",2,icon,9
txjhcfs,0,2783,training,bar,17,corn,mushroom,corn,ArrowRight,"more, fewer",1,FEWER,"color, geo, icon",0,color,0
txjhcfs,0,2442,training,bar,0,corn,carrot,corn,ArrowRight,"more, fewer",1,FEWER,"color, geo, icon",0,color,1
txjhcfs,1,1208,training,bar,18,corn,eggplant,corn,ArrowLeft,"more, fewer",1,FEWER,"color, geo, icon",0,color,2
txjhcfs,1,1247,real,bar,2,celery,mushroom,celery,ArrowLeft,"more, fewer",1,FEWER,"color, geo, icon",0,color,0
txjhcfs,1,1944,real,bar,1,corn,tomato,corn,ArrowLeft,"more, fewer",1,FEWER,"color, geo, icon",0,color,1
txjhcfs,1,3014,real,bar,0,eggplant,corn,eggplant,ArrowLeft,"more, fewer",1,FEWER,"color, geo, icon",0,color,2
txjhcfs,1,2109,real,bar,3,corn,olive,olive,ArrowRight,"more, fewer",1,FEWER,"color, geo, icon",0,color,3
txjhcfs,1,3116,real,bar,5,olive,celery,olive,ArrowLeft,"more, fewer",1,FEWER,"color, geo, icon",0,color,4
txjhcfs,1,2335,real,bar,9,mushroom,corn,corn,ArrowRight,"more, fewer",1,FEWER,"color, geo, icon",0,color,5
txjhcfs,1,3454,real,bar,8,celery,corn,celery,ArrowLeft,"more, fewer",1,FEWER,"color, geo, icon",0,color,6
txjhcfs,1,1945,real,bar,4,mushroom,carrot,mushroom,ArrowLeft,"more, fewer",1,FEWER,"color, geo, icon",0,color,7
txjhcfs,1,3109,real,bar,7,corn,mushroom,mushroom,ArrowRight,"more, fewer",1,FEWER,"color, geo, icon",0,color,8
txjhcfs,1,2152,real,bar,6,mushroom,olive,olive,ArrowRight,"more, fewer",1,FEWER,"color, geo, icon",0,color,9
txjhcfs,-1,5000,training,bar,19,carrot,eggplant,eggplant,none,"more, fewer",1,FEWER,"color, geo, icon",1,geo,0
txjhcfs,1,2446,training,bar,19,carrot,eggplant,eggplant,ArrowRight,"more, fewer",1,FEWER,"color, geo, icon",1,geo,1
txjhcfs,-1,5000,training,bar,7,eggplant,celery,eggplant,none,"more, fewer",1,FEWER,"color, geo, icon",1,geo,2
txjhcfs,1,2370,real,bar,8,celery,corn,celery,ArrowLeft,"more, fewer",1,FEWER,"color, geo, icon",1,geo,0
txjhcfs,1,1964,real,bar,7,corn,mushroom,mushroom,ArrowRight,"more, fewer",1,FEWER,"color, geo, icon",1,geo,1
txjhcfs,1,3171,real,bar,1,corn,tomato,corn,ArrowLeft,"more, fewer",1,FEWER,"color, geo, icon",1,geo,2
txjhcfs,1,3304,real,bar,2,celery,mushroom,celery,ArrowLeft,"more, fewer",1,FEWER,"color, geo, icon",1,geo,3
txjhcfs,1,2102,real,bar,6,mushroom,olive,olive,ArrowRight,"more, fewer",1,FEWER,"color, geo, icon",1,geo,4
txjhcfs,0,2455,real,bar,5,olive,celery,olive,ArrowRight,"more, fewer",1,FEWER,"color, geo, icon",1,geo,5
txjhcfs,1,4672,real,bar,4,mushroom,carrot,mushroom,ArrowLeft,"more, fewer",1,FEWER,"color, geo, icon",1,geo,6
txjhcfs,1,3179,real,bar,0,eggplant,corn,eggplant,ArrowLeft,"more, fewer",1,FEWER,"color, geo, icon",1,geo,7
txjhcfs,1,2487,real,bar,3,corn,olive,olive,ArrowRight,"more, fewer",1,FEWER,"color, geo, icon",1,geo,8
txjhcfs,1,2176,real,bar,9,mushroom,corn,corn,ArrowRight,"more, fewer",1,FEWER,"color, geo, icon",1,geo,9
txjhcfs,-1,5000,training,bar,18,corn,eggplant,corn,none,"more, fewer",1,FEWER,"color, geo, icon",2,icon,0
txjhcfs,-1,5000,training,bar,0,corn,carrot,corn,none,"more, fewer",1,FEWER,"color, geo, icon",2,icon,1
txjhcfs,1,2588,training,bar,17,corn,mushroom,corn,ArrowLeft,"more, fewer",1,FEWER,"color, geo, icon",2,icon,2
txjhcfs,1,2399,real,bar,6,mushroom,olive,olive,ArrowRight,"more, fewer",1,FEWER,"color, geo, icon",2,icon,0
txjhcfs,1,3274,real,bar,0,eggplant,corn,eggplant,ArrowLeft,"more, fewer",1,FEWER,"color, geo, icon",2,icon,1
txjhcfs,1,3076,real,bar,2,celery,mushroom,celery,ArrowLeft,"more, fewer",1,FEWER,"color, geo, icon",2,icon,2
txjhcfs,1,2971,real,bar,5,olive,celery,olive,ArrowLeft,"more, fewer",1,FEWER,"color, geo, icon",2,icon,3
txjhcfs,1,2715,real,bar,9,mushroom,corn,corn,ArrowRight,"more, fewer",1,FEWER,"color, geo, icon",2,icon,4
txjhcfs,0,2694,real,bar,3,corn,olive,olive,ArrowLeft,"more, fewer",1,FEWER,"color, geo, icon",2,icon,5
txjhcfs,1,2327,real,bar,1,corn,tomato,corn,ArrowLeft,"more, fewer",1,FEWER,"color, geo, icon",2,icon,6
txjhcfs,1,2224,real,bar,7,corn,mushroom,mushroom,ArrowRight,"more, fewer",1,FEWER,"color, geo, icon",2,icon,7
txjhcfs,1,2560,real,bar,8,celery,corn,celery,ArrowLeft,"more, fewer",1,FEWER,"color, geo, icon",2,icon,8
txjhcfs,1,2423,real,bar,4,mushroom,carrot,mushroom,ArrowLeft,"more, fewer",1,FEWER,"color, geo, icon",2,icon,9
ueapycj,0,447,training,bar,27,corn,olive,olive,ArrowLeft,"fewer, more",0,FEWER,"color, geo, icon",0,color,0
ueapycj,0,253,training,bar,3,carrot,celery,carrot,ArrowRight,"fewer, more",0,FEWER,"color, geo, icon",0,color,1
ueapycj,1,2122,training,bar,15,eggplant,tomato,eggplant,ArrowLeft,"fewer, more",0,FEWER,"color, geo, icon",0,color,2
ueapycj,1,1804,real,bar,8,celery,corn,celery,ArrowLeft,"fewer, more",0,FEWER,"color, geo, icon",0,color,0
ueapycj,-1,5000,real,bar,2,celery,mushroom,celery,none,"fewer, more",0,FEWER,"color, geo, icon",0,color,1
ueapycj,1,2969,real,bar,3,corn,olive,olive,ArrowRight,"fewer, more",0,FEWER,"color, geo, icon",0,color,2
ueapycj,1,1256,real,bar,7,corn,mushroom,mushroom,ArrowRight,"fewer, more",0,FEWER,"color, geo, icon",0,color,3
ueapycj,1,3486,real,bar,6,mushroom,olive,olive,ArrowRight,"fewer, more",0,FEWER,"color, geo, icon",0,color,4
ueapycj,1,1506,real,bar,1,corn,tomato,corn,ArrowLeft,"fewer, more",0,FEWER,"color, geo, icon",0,color,5
ueapycj,1,2675,real,bar,5,olive,celery,olive,ArrowLeft,"fewer, more",0,FEWER,"color, geo, icon",0,color,6
ueapycj,1,1820,real,bar,4,mushroom,carrot,mushroom,ArrowLeft,"fewer, more",0,FEWER,"color, geo, icon",0,color,7
ueapycj,1,1708,real,bar,0,eggplant,corn,eggplant,ArrowLeft,"fewer, more",0,FEWER,"color, geo, icon",0,color,8
ueapycj,1,1577,real,bar,9,mushroom,corn,corn,ArrowRight,"fewer, more",0,FEWER,"color, geo, icon",0,color,9
ueapycj,1,1923,training,bar,9,mushroom,eggplant,eggplant,ArrowRight,"fewer, more",0,FEWER,"color, geo, icon",1,geo,0
ueapycj,1,1314,training,bar,28,mushroom,celery,celery,ArrowRight,"fewer, more",0,FEWER,"color, geo, icon",1,geo,1
ueapycj,1,2942,training,bar,0,corn,carrot,corn,ArrowLeft,"fewer, more",0,FEWER,"color, geo, icon",1,geo,2
ueapycj,1,3890,real,bar,9,mushroom,corn,corn,ArrowRight,"fewer, more",0,FEWER,"color, geo, icon",1,geo,0
ueapycj,1,1492,real,bar,2,celery,mushroom,celery,ArrowLeft,"fewer, more",0,FEWER,"color, geo, icon",1,geo,1
ueapycj,1,1442,real,bar,6,mushroom,olive,olive,ArrowRight,"fewer, more",0,FEWER,"color, geo, icon",1,geo,2
ueapycj,1,1485,real,bar,0,eggplant,corn,eggplant,ArrowLeft,"fewer, more",0,FEWER,"color, geo, icon",1,geo,3
ueapycj,1,1116,real,bar,1,corn,tomato,corn,ArrowLeft,"fewer, more",0,FEWER,"color, geo, icon",1,geo,4
ueapycj,1,1336,real,bar,4,mushroom,carrot,mushroom,ArrowLeft,"fewer, more",0,FEWER,"color, geo, icon",1,geo,5
ueapycj,1,2968,real,bar,8,celery,corn,celery,ArrowLeft,"fewer, more",0,FEWER,"color, geo, icon",1,geo,6
ueapycj,1,2030,real,bar,7,corn,mushroom,mushroom,ArrowRight,"fewer, more",0,FEWER,"color, geo, icon",1,geo,7
ueapycj,1,3366,real,bar,5,olive,celery,olive,ArrowLeft,"fewer, more",0,FEWER,"color, geo, icon",1,geo,8
ueapycj,1,3955,real,bar,3,corn,olive,olive,ArrowRight,"fewer, more",0,FEWER,"color, geo, icon",1,geo,9
ueapycj,1,1632,training,bar,2,tomato,mushroom,tomato,ArrowLeft,"fewer, more",0,FEWER,"color, geo, icon",2,icon,0
ueapycj,0,3651,training,bar,0,corn,carrot,corn,ArrowRight,"fewer, more",0,FEWER,"color, geo, icon",2,icon,1
ueapycj,0,3559,training,bar,25,corn,eggplant,eggplant,ArrowLeft,"fewer, more",0,FEWER,"color, geo, icon",2,icon,2
ueapycj,1,1122,real,bar,1,corn,tomato,corn,ArrowLeft,"fewer, more",0,FEWER,"color, geo, icon",2,icon,0
ueapycj,1,1819,real,bar,2,celery,mushroom,celery,ArrowLeft,"fewer, more",0,FEWER,"color, geo, icon",2,icon,1
ueapycj,1,2246,real,bar,9,mushroom,corn,corn,ArrowRight,"fewer, more",0,FEWER,"color, geo, icon",2,icon,2
ueapycj,1,2413,real,bar,8,celery,corn,celery,ArrowLeft,"fewer, more",0,FEWER,"color, geo, icon",2,icon,3
ueapycj,1,2805,real,bar,5,olive,celery,olive,ArrowLeft,"fewer, more",0,FEWER,"color, geo, icon",2,icon,4
ueapycj,1,1635,real,bar,7,corn,mushroom,mushroom,ArrowRight,"fewer, more",0,FEWER,"color, geo, icon",2,icon,5
ueapycj,1,2338,real,bar,3,corn,olive,olive,ArrowRight,"fewer, more",0,FEWER,"color, geo, icon",2,icon,6
ueapycj,1,1147,real,bar,4,mushroom,carrot,mushroom,ArrowLeft,"fewer, more",0,FEWER,"color, geo, icon",2,icon,7
ueapycj,1,1474,real,bar,0,eggplant,corn,eggplant,ArrowLeft,"fewer, more",0,FEWER,"color, geo, icon",2,icon,8
ueapycj,1,1393,real,bar,6,mushroom,olive,olive,ArrowRight,"fewer, more",0,FEWER,"color, geo, icon",2,icon,9
ueapycj,1,3462,training,bar,22,corn,mushroom,corn,ArrowLeft,"fewer, more",1,MORE,"color, geo, icon",0,color,0
ueapycj,1,2951,training,bar,0,corn,carrot,carrot,ArrowRight,"fewer, more",1,MORE,"color, geo, icon",0,color,1
ueapycj,1,3497,training,bar,1,corn,mushroom,mushroom,ArrowRight,"fewer, more",1,MORE,"color, geo, icon",0,color,2
ueapycj,1,1032,real,bar,8,celery,corn,corn,ArrowRight,"fewer, more",1,MORE,"color, geo, icon",0,color,0
ueapycj,1,2754,real,bar,2,celery,mushroom,mushroom,ArrowRight,"fewer, more",1,MORE,"color, geo, icon",0,color,1
ueapycj,1,1102,real,bar,3,corn,olive,corn,ArrowLeft,"fewer, more",1,MORE,"color, geo, icon",0,color,2
ueapycj,1,1000,real,bar,7,corn,mushroom,corn,ArrowLeft,"fewer, more",1,MORE,"color, geo, icon",0,color,3
ueapycj,1,2618,real,bar,6,mushroom,olive,mushroom,ArrowLeft,"fewer, more",1,MORE,"color, geo, icon",0,color,4
ueapycj,1,2770,real,bar,1,corn,tomato,tomato,ArrowRight,"fewer, more",1,MORE,"color, geo, icon",0,color,5
ueapycj,1,2992,real,bar,5,olive,celery,celery,ArrowRight,"fewer, more",1,MORE,"color, geo, icon",0,color,6
ueapycj,1,2264,real,bar,4,mushroom,carrot,carrot,ArrowRight,"fewer, more",1,MORE,"color, geo, icon",0,color,7
ueapycj,1,3041,real,bar,0,eggplant,corn,corn,ArrowRight,"fewer, more",1,MORE,"color, geo, icon",0,color,8
ueapycj,1,1906,real,bar,9,mushroom,corn,mushroom,ArrowLeft,"fewer, more",1,MORE,"color, geo, icon",0,color,9
ueapycj,1,1859,training,bar,12,celery,corn,corn,ArrowRight,"fewer, more",1,MORE,"color, geo, icon",1,geo,0
ueapycj,0,1269,training,bar,13,olive,carrot,carrot,ArrowLeft,"fewer, more",1,MORE,"color, geo, icon",1,geo,1
ueapycj,0,1139,training,bar,9,mushroom,eggplant,mushroom,ArrowRight,"fewer, more",1,MORE,"color, geo, icon",1,geo,2
ueapycj,1,3244,real,bar,9,mushroom,corn,mushroom,ArrowLeft,"fewer, more",1,MORE,"color, geo, icon",1,geo,0
ueapycj,1,2574,real,bar,2,celery,mushroom,mushroom,ArrowRight,"fewer, more",1,MORE,"color, geo, icon",1,geo,1
ueapycj,1,1991,real,bar,6,mushroom,olive,mushroom,ArrowLeft,"fewer, more",1,MORE,"color, geo, icon",1,geo,2
ueapycj,1,3338,real,bar,0,eggplant,corn,corn,ArrowRight,"fewer, more",1,MORE,"color, geo, icon",1,geo,3
ueapycj,1,1807,real,bar,1,corn,tomato,tomato,ArrowRight,"fewer, more",1,MORE,"color, geo, icon",1,geo,4
ueapycj,1,1412,real,bar,4,mushroom,carrot,carrot,ArrowRight,"fewer, more",1,MORE,"color, geo, icon",1,geo,5
ueapycj,1,3087,real,bar,8,celery,corn,corn,ArrowRight,"fewer, more",1,MORE,"color, geo, icon",1,geo,6
ueapycj,1,2818,real,bar,7,corn,mushroom,corn,ArrowLeft,"fewer, more",1,MORE,"color, geo, icon",1,geo,7
ueapycj,1,3672,real,bar,5,olive,celery,celery,ArrowRight,"fewer, more",1,MORE,"color, geo, icon",1,geo,8
ueapycj,1,2442,real,bar,3,corn,olive,corn,ArrowLeft,"fewer, more",1,MORE,"color, geo, icon",1,geo,9
ueapycj,0,2517,training,bar,16,mushroom,olive,mushroom,ArrowRight,"fewer, more",1,MORE,"color, geo, icon",2,icon,0
ueapycj,1,301,training,bar,25,corn,eggplant,corn,ArrowLeft,"fewer, more",1,MORE,"color, geo, icon",2,icon,1
ueapycj,0,364,training,bar,14,eggplant,tomato,tomato,ArrowLeft,"fewer, more",1,MORE,"color, geo, icon",2,icon,2
ueapycj,1,1501,real,bar,1,corn,tomato,tomato,ArrowRight,"fewer, more",1,MORE,"color, geo, icon",2,icon,0
ueapycj,1,2673,real,bar,2,celery,mushroom,mushroom,ArrowRight,"fewer, more",1,MORE,"color, geo, icon",2,icon,1
ueapycj,1,4503,real,bar,9,mushroom,corn,mushroom,ArrowLeft,"fewer, more",1,MORE,"color, geo, icon",2,icon,2
ueapycj,1,2555,real,bar,8,celery,corn,corn,ArrowRight,"fewer, more",1,MORE,"color, geo, icon",2,icon,3
ueapycj,1,3765,real,bar,5,olive,celery,celery,ArrowRight,"fewer, more",1,MORE,"color, geo, icon",2,icon,4
ueapycj,1,1633,real,bar,7,corn,mushroom,corn,ArrowLeft,"fewer, more",1,MORE,"color, geo, icon",2,icon,5
ueapycj,1,2329,real,bar,3,corn,olive,corn,ArrowLeft,"fewer, more",1,MORE,"color, geo, icon",2,icon,6
ueapycj,1,2103,real,bar,4,mushroom,carrot,carrot,ArrowRight,"fewer, more",1,MORE,"color, geo, icon",2,icon,7
ueiwhyc,1,4667,training,pie,0,carrot,corn,corn,ArrowRight,"fewer, more",0,FEWER,"geo, icon, color",0,geo,0
ueiwhyc,1,1319,training,pie,17,mushroom,corn,corn,ArrowRight,"fewer, more",0,FEWER,"geo, icon, color",0,geo,1
ueiwhyc,1,1291,training,pie,23,olive,carrot,carrot,ArrowRight,"fewer, more",0,FEWER,"geo, icon, color",0,geo,2
ueiwhyc,1,1864,real,pie,1,tomato,corn,corn,ArrowRight,"fewer, more",0,FEWER,"geo, icon, color",0,geo,0
ueiwhyc,1,3064,real,pie,7,mushroom,corn,mushroom,ArrowLeft,"fewer, more",0,FEWER,"geo, icon, color",0,geo,1
ueiwhyc,1,2653,real,pie,9,corn,mushroom,corn,ArrowLeft,"fewer, more",0,FEWER,"geo, icon, color",0,geo,2
ueiwhyc,1,4350,real,pie,6,olive,mushroom,olive,ArrowLeft,"fewer, more",0,FEWER,"geo, icon, color",0,geo,3
ueiwhyc,1,2878,real,pie,0,eggplant,corn,eggplant,ArrowLeft,"fewer, more",0,FEWER,"geo, icon, color",0,geo,4
ueiwhyc,1,2279,real,pie,3,olive,corn,olive,ArrowLeft,"fewer, more",0,FEWER,"geo, icon, color",0,geo,5
ueiwhyc,1,3302,real,pie,8,corn,celery,celery,ArrowRight,"fewer, more",0,FEWER,"geo, icon, color",0,geo,6
ueiwhyc,1,4231,real,pie,5,celery,olive,olive,ArrowRight,"fewer, more",0,FEWER,"geo, icon, color",0,geo,7
ueiwhyc,1,2922,real,pie,2,mushroom,celery,celery,ArrowRight,"fewer, more",0,FEWER,"geo, icon, color",0,geo,8
ueiwhyc,1,3150,real,pie,4,carrot,mushroom,mushroom,ArrowRight,"fewer, more",0,FEWER,"geo, icon, color",0,geo,9
ueiwhyc,-1,5000,training,pie,28,celery,mushroom,celery,none,"fewer, more",0,FEWER,"geo, icon, color",1,icon,0
ueiwhyc,1,2949,training,pie,2,mushroom,tomato,tomato,ArrowRight,"fewer, more",0,FEWER,"geo, icon, color",1,icon,1
ueiwhyc,1,2954,training,pie,9,eggplant,mushroom,eggplant,ArrowLeft,"fewer, more",0,FEWER,"geo, icon, color",1,icon,2
ueiwhyc,1,2469,real,pie,1,tomato,corn,corn,ArrowRight,"fewer, more",0,FEWER,"geo, icon, color",1,icon,0
ueiwhyc,1,2300,real,pie,6,olive,mushroom,olive,ArrowLeft,"fewer, more",0,FEWER,"geo, icon, color",1,icon,1
ueiwhyc,1,2327,real,pie,4,carrot,mushroom,mushroom,ArrowRight,"fewer, more",0,FEWER,"geo, icon, color",1,icon,2
ueiwhyc,1,3733,real,pie,8,corn,celery,celery,ArrowRight,"fewer, more",0,FEWER,"geo, icon, color",1,icon,3
ueiwhyc,1,2295,real,pie,7,mushroom,corn,mushroom,ArrowLeft,"fewer, more",0,FEWER,"geo, icon, color",1,icon,4
ueiwhyc,1,3578,real,pie,5,celery,olive,olive,ArrowRight,"fewer, more",0,FEWER,"geo, icon, color",1,icon,5
ueiwhyc,-1,5000,real,pie,2,mushroom,celery,celery,none,"fewer, more",0,FEWER,"geo, icon, color",1,icon,6
ueiwhyc,-1,5000,real,pie,3,olive,corn,olive,none,"fewer, more",0,FEWER,"geo, icon, color",1,icon,7
ueiwhyc,0,2159,real,pie,9,corn,mushroom,corn,ArrowRight,"fewer, more",0,FEWER,"geo, icon, color",1,icon,8
ueiwhyc,1,3307,real,pie,0,eggplant,corn,eggplant,ArrowLeft,"fewer, more",0,FEWER,"geo, icon, color",1,icon,9
ueiwhyc,1,2233,training,pie,23,olive,carrot,carrot,ArrowRight,"fewer, more",0,FEWER,"geo, icon, color",2,color,0
ueiwhyc,1,3287,training,pie,19,eggplant,carrot,eggplant,ArrowLeft,"fewer, more",0,FEWER,"geo, icon, color",2,color,1
ueiwhyc,1,3703,training,pie,20,tomato,eggplant,tomato,ArrowLeft,"fewer, more",0,FEWER,"geo, icon, color",2,color,2
ueiwhyc,1,2261,real,pie,4,carrot,mushroom,mushroom,ArrowRight,"fewer, more",0,FEWER,"geo, icon, color",2,color,0
ueiwhyc,1,1560,real,pie,8,corn,celery,celery,ArrowRight,"fewer, more",0,FEWER,"geo, icon, color",2,color,1
ueiwhyc,1,3570,real,pie,0,eggplant,corn,eggplant,ArrowLeft,"fewer, more",0,FEWER,"geo, icon, color",2,color,2
ueiwhyc,1,2236,real,pie,1,tomato,corn,corn,ArrowRight,"fewer, more",0,FEWER,"geo, icon, color",2,color,3
ueiwhyc,1,2755,real,pie,7,mushroom,corn,mushroom,ArrowLeft,"fewer, more",0,FEWER,"geo, icon, color",2,color,4
ueiwhyc,1,1970,real,pie,2,mushroom,celery,celery,ArrowRight,"fewer, more",0,FEWER,"geo, icon, color",2,color,5
ueiwhyc,1,1664,real,pie,6,olive,mushroom,olive,ArrowLeft,"fewer, more",0,FEWER,"geo, icon, color",2,color,6
ueiwhyc,1,2394,real,pie,3,olive,corn,olive,ArrowLeft,"fewer, more",0,FEWER,"geo, icon, color",2,color,7
ueiwhyc,0,4218,real,pie,5,celery,olive,olive,ArrowLeft,"fewer, more",0,FEWER,"geo, icon, color",2,color,8
ueiwhyc,1,2910,real,pie,9,corn,mushroom,corn,ArrowLeft,"fewer, more",0,FEWER,"geo, icon, color",2,color,9
ueiwhyc,0,3577,training,pie,4,carrot,celery,celery,ArrowLeft,"fewer, more",1,MORE,"icon, geo, color",0,icon,0
ueiwhyc,0,251,training,pie,16,olive,mushroom,mushroom,ArrowLeft,"fewer, more",1,MORE,"icon, geo, color",0,icon,1
ueiwhyc,0,3400,training,pie,4,carrot,celery,celery,ArrowLeft,"fewer, more",1,MORE,"icon, geo, color",0,icon,2
ueiwhyc,1,2074,real,pie,1,tomato,corn,tomato,ArrowLeft,"fewer, more",1,MORE,"icon, geo, color",0,icon,0
ueiwhyc,1,3753,real,pie,6,olive,mushroom,mushroom,ArrowRight,"fewer, more",1,MORE,"icon, geo, color",0,icon,1
ueiwhyc,1,2779,real,pie,4,carrot,mushroom,carrot,ArrowLeft,"fewer, more",1,MORE,"icon, geo, color",0,icon,2
ueiwhyc,1,1224,real,pie,8,corn,celery,corn,ArrowLeft,"fewer, more",1,MORE,"icon, geo, color",0,icon,3
ueiwhyc,0,1690,real,pie,7,mushroom,corn,corn,ArrowLeft,"fewer, more",1,MORE,"icon, geo, color",0,icon,4
ueiwhyc,1,2369,real,pie,5,celery,olive,celery,ArrowLeft,"fewer, more",1,MORE,"icon, geo, color",0,icon,5
ueiwhyc,1,2763,real,pie,2,mushroom,celery,mushroom,ArrowLeft,"fewer, more",1,MORE,"icon, geo, color",0,icon,6
ueiwhyc,1,1365,real,pie,3,olive,corn,corn,ArrowRight,"fewer, more",1,MORE,"icon, geo, color",0,icon,7
ueiwhyc,1,1872,real,pie,9,corn,mushroom,mushroom,ArrowRight,"fewer, more",1,MORE,"icon, geo, color",0,icon,8
ueiwhyc,1,2076,real,pie,0,eggplant,corn,corn,ArrowRight,"fewer, more",1,MORE,"icon, geo, color",0,icon,9
ueiwhyc,1,1056,training,pie,15,eggplant,tomato,tomato,ArrowRight,"fewer, more",1,MORE,"icon, geo, color",1,geo,0
ueiwhyc,1,2777,training,pie,13,carrot,olive,carrot,ArrowLeft,"fewer, more",1,MORE,"icon, geo, color",1,geo,1
ueiwhyc,1,2226,training,pie,14,tomato,eggplant,tomato,ArrowLeft,"fewer, more",1,MORE,"icon, geo, color",1,geo,2
ueiwhyc,1,2959,real,pie,1,tomato,corn,tomato,ArrowLeft,"fewer, more",1,MORE,"icon, geo, color",1,geo,0
ueiwhyc,1,1662,real,pie,7,mushroom,corn,corn,ArrowRight,"fewer, more",1,MORE,"icon, geo, color",1,geo,1
ueiwhyc,1,2783,real,pie,9,corn,mushroom,mushroom,ArrowRight,"fewer, more",1,MORE,"icon, geo, color",1,geo,2
ueiwhyc,1,2473,real,pie,6,olive,mushroom,mushroom,ArrowRight,"fewer, more",1,MORE,"icon, geo, color",1,geo,3
ueiwhyc,1,2191,real,pie,0,eggplant,corn,corn,ArrowRight,"fewer, more",1,MORE,"icon, geo, color",1,geo,4
ueiwhyc,1,1398,real,pie,3,olive,corn,corn,ArrowRight,"fewer, more",1,MORE,"icon, geo, color",1,geo,5
ueiwhyc,1,3079,real,pie,8,corn,celery,corn,ArrowLeft,"fewer, more",1,MORE,"icon, geo, color",1,geo,6
ueiwhyc,1,2520,real,pie,5,celery,olive,celery,ArrowLeft,"fewer, more",1,MORE,"icon, geo, color",1,geo,7
ueiwhyc,1,3900,real,pie,2,mushroom,celery,mushroom,ArrowLeft,"fewer, more",1,MORE,"icon, geo, color",1,geo,8
ueiwhyc,1,3142,real,pie,4,carrot,mushroom,carrot,ArrowLeft,"fewer, more",1,MORE,"icon, geo, color",1,geo,9
ueiwhyc,1,2784,training,pie,27,corn,olive,corn,ArrowLeft,"fewer, more",1,MORE,"icon, geo, color",2,color,0
ueiwhyc,1,2419,training,pie,9,eggplant,mushroom,mushroom,ArrowRight,"fewer, more",1,MORE,"icon, geo, color",2,color,1
ueiwhyc,1,4067,training,pie,13,carrot,olive,carrot,ArrowLeft,"fewer, more",1,MORE,"icon, geo, color",2,color,2
ueiwhyc,1,3276,real,pie,4,carrot,mushroom,carrot,ArrowLeft,"fewer, more",1,MORE,"icon, geo, color",2,color,0
ueiwhyc,1,1561,real,pie,8,corn,celery,corn,ArrowLeft,"fewer, more",1,MORE,"icon, geo, color",2,color,1
ueiwhyc,1,3066,real,pie,0,eggplant,corn,corn,ArrowRight,"fewer, more",1,MORE,"icon, geo, color",2,color,2
ueiwhyc,1,3448,real,pie,1,tomato,corn,tomato,ArrowLeft,"fewer, more",1,MORE,"icon, geo, color",2,color,3
ueiwhyc,1,2512,real,pie,7,mushroom,corn,corn,ArrowRight,"fewer, more",1,MORE,"icon, geo, color",2,color,4
ueiwhyc,1,2484,real,pie,2,mushroom,celery,mushroom,ArrowLeft,"fewer, more",1,MORE,"icon, geo, color",2,color,5
ueiwhyc,1,2643,real,pie,6,olive,mushroom,mushroom,ArrowRight,"fewer, more",1,MORE,"icon, geo, color",2,color,6
ueiwhyc,1,2321,real,pie,3,olive,corn,corn,ArrowRight,"fewer, more",1,MORE,"icon, geo, color",2,color,7
ueiwhyc,1,3733,real,pie,5,celery,olive,celery,ArrowLeft,"fewer, more",1,MORE,"icon, geo, color",2,color,8
ueiwhyc,1,3177,real,pie,9,corn,mushroom,mushroom,ArrowRight,"fewer, more",1,MORE,"icon, geo, color",2,color,9
vbmpyoh,1,2934,training,pie,14,tomato,eggplant,eggplant,ArrowRight,"fewer, more",0,FEWER,"color, geo, icon",0,color,0
vbmpyoh,1,4126,training,pie,8,olive,eggplant,olive,ArrowLeft,"fewer, more",0,FEWER,"color, geo, icon",0,color,1
vbmpyoh,-1,5000,training,pie,21,eggplant,mushroom,eggplant,none,"fewer, more",0,FEWER,"color, geo, icon",0,color,2
vbmpyoh,1,2396,real,pie,5,celery,olive,olive,ArrowRight,"fewer, more",0,FEWER,"color, geo, icon",0,color,0
vbmpyoh,1,1152,real,pie,2,mushroom,celery,celery,ArrowRight,"fewer, more",0,FEWER,"color, geo, icon",0,color,1
vbmpyoh,1,1180,real,pie,1,tomato,corn,corn,ArrowRight,"fewer, more",0,FEWER,"color, geo, icon",0,color,2
vbmpyoh,1,1516,real,pie,6,olive,mushroom,olive,ArrowLeft,"fewer, more",0,FEWER,"color, geo, icon",0,color,3
vbmpyoh,1,3434,real,pie,7,mushroom,corn,mushroom,ArrowLeft,"fewer, more",0,FEWER,"color, geo, icon",0,color,4
vbmpyoh,1,1577,real,pie,0,eggplant,corn,eggplant,ArrowLeft,"fewer, more",0,FEWER,"color, geo, icon",0,color,5
vbmpyoh,1,2288,real,pie,8,corn,celery,celery,ArrowRight,"fewer, more",0,FEWER,"color, geo, icon",0,color,6
vbmpyoh,1,2053,real,pie,3,olive,corn,olive,ArrowLeft,"fewer, more",0,FEWER,"color, geo, icon",0,color,7
vbmpyoh,1,1450,real,pie,4,carrot,mushroom,mushroom,ArrowRight,"fewer, more",0,FEWER,"color, geo, icon",0,color,8
vbmpyoh,0,1692,real,pie,9,corn,mushroom,corn,ArrowRight,"fewer, more",0,FEWER,"color, geo, icon",0,color,9
vbmpyoh,1,3928,training,pie,0,carrot,corn,corn,ArrowRight,"fewer, more",0,FEWER,"color, geo, icon",1,geo,0
vbmpyoh,1,2342,training,pie,19,eggplant,carrot,eggplant,ArrowLeft,"fewer, more",0,FEWER,"color, geo, icon",1,geo,1
vbmpyoh,1,2138,training,pie,15,eggplant,tomato,eggplant,ArrowLeft,"fewer, more",0,FEWER,"color, geo, icon",1,geo,2
vbmpyoh,1,1170,real,pie,3,olive,corn,olive,ArrowLeft,"fewer, more",0,FEWER,"color, geo, icon",1,geo,0
vbmpyoh,0,3205,real,pie,2,mushroom,celery,celery,ArrowLeft,"fewer, more",0,FEWER,"color, geo, icon",1,geo,1
vbmpyoh,1,2361,real,pie,0,eggplant,corn,eggplant,ArrowLeft,"fewer, more",0,FEWER,"color, geo, icon",1,geo,2
vbmpyoh,1,1881,real,pie,7,mushroom,corn,mushroom,ArrowLeft,"fewer, more",0,FEWER,"color, geo, icon",1,geo,3
vbmpyoh,1,1242,real,pie,4,carrot,mushroom,mushroom,ArrowRight,"fewer, more",0,FEWER,"color, geo, icon",1,geo,4
vbmpyoh,1,1773,real,pie,1,tomato,corn,corn,ArrowRight,"fewer, more",0,FEWER,"color, geo, icon",1,geo,5
vbmpyoh,1,1231,real,pie,8,corn,celery,celery,ArrowRight,"fewer, more",0,FEWER,"color, geo, icon",1,geo,6
vbmpyoh,1,1836,real,pie,9,corn,mushroom,corn,ArrowLeft,"fewer, more",0,FEWER,"color, geo, icon",1,geo,7
vbmpyoh,1,1108,real,pie,5,celery,olive,olive,ArrowRight,"fewer, more",0,FEWER,"color, geo, icon",1,geo,8
vbmpyoh,1,1471,real,pie,6,olive,mushroom,olive,ArrowLeft,"fewer, more",0,FEWER,"color, geo, icon",1,geo,9
vbmpyoh,0,1532,training,pie,16,olive,mushroom,olive,ArrowRight,"fewer, more",0,FEWER,"color, geo, icon",2,icon,0
vbmpyoh,0,1653,training,pie,18,eggplant,corn,corn,ArrowLeft,"fewer, more",0,FEWER,"color, geo, icon",2,icon,1
vbmpyoh,1,1843,training,pie,20,tomato,eggplant,tomato,ArrowLeft,"fewer, more",0,FEWER,"color, geo, icon",2,icon,2
vbmpyoh,1,1420,real,pie,1,tomato,corn,corn,ArrowRight,"fewer, more",0,FEWER,"color, geo, icon",2,icon,0
vbmpyoh,-1,5000,real,pie,4,carrot,mushroom,mushroom,none,"fewer, more",0,FEWER,"color, geo, icon",2,icon,1
vbmpyoh,1,1069,real,pie,8,corn,celery,celery,ArrowRight,"fewer, more",0,FEWER,"color, geo, icon",2,icon,2
vbmpyoh,0,1653,real,pie,9,corn,mushroom,corn,ArrowRight,"fewer, more",0,FEWER,"color, geo, icon",2,icon,3
vbmpyoh,1,2336,real,pie,7,mushroom,corn,mushroom,ArrowLeft,"fewer, more",0,FEWER,"color, geo, icon",2,icon,4
vbmpyoh,1,1427,real,pie,6,olive,mushroom,olive,ArrowLeft,"fewer, more",0,FEWER,"color, geo, icon",2,icon,5
vbmpyoh,0,1802,real,pie,5,celery,olive,olive,ArrowLeft,"fewer, more",0,FEWER,"color, geo, icon",2,icon,6
vbmpyoh,1,1816,real,pie,0,eggplant,corn,eggplant,ArrowLeft,"fewer, more",0,FEWER,"color, geo, icon",2,icon,7
vbmpyoh,1,2509,real,pie,2,mushroom,celery,celery,ArrowRight,"fewer, more",0,FEWER,"color, geo, icon",2,icon,8
vbmpyoh,1,2724,real,pie,3,olive,corn,olive,ArrowLeft,"fewer, more",0,FEWER,"color, geo, icon",2,icon,9
vbmpyoh,0,2740,training,pie,13,carrot,olive,carrot,ArrowRight,"fewer, more",1,MORE,"color, geo, icon",0,color,0
vbmpyoh,1,2041,training,pie,12,corn,celery,corn,ArrowLeft,"fewer, more",1,MORE,"color, geo, icon",0,color,1
vbmpyoh,1,1675,training,pie,15,eggplant,tomato,tomato,ArrowRight,"fewer, more",1,MORE,"color, geo, icon",0,color,2
vbmpyoh,1,2281,real,pie,5,celery,olive,celery,ArrowLeft,"fewer, more",1,MORE,"color, geo, icon",0,color,0
vbmpyoh,1,1950,real,pie,2,mushroom,celery,mushroom,ArrowLeft,"fewer, more",1,MORE,"color, geo, icon",0,color,1
vbmpyoh,1,2253,real,pie,1,tomato,corn,tomato,ArrowLeft,"fewer, more",1,MORE,"color, geo, icon",0,color,2
vbmpyoh,1,1881,real,pie,6,olive,mushroom,mushroom,ArrowRight,"fewer, more",1,MORE,"color, geo, icon",0,color,3
vbmpyoh,1,929,real,pie,7,mushroom,corn,corn,ArrowRight,"fewer, more",1,MORE,"color, geo, icon",0,color,4
vbmpyoh,1,2248,real,pie,0,eggplant,corn,corn,ArrowRight,"fewer, more",1,MORE,"color, geo, icon",0,color,5
vbmpyoh,1,903,real,pie,8,corn,celery,corn,ArrowLeft,"fewer, more",1,MORE,"color, geo, icon",0,color,6
vbmpyoh,0,980,real,pie,3,olive,corn,corn,ArrowLeft,"fewer, more",1,MORE,"color, geo, icon",0,color,7
vbmpyoh,1,3442,real,pie,4,carrot,mushroom,carrot,ArrowLeft,"fewer, more",1,MORE,"color, geo, icon",0,color,8
vbmpyoh,1,3241,real,pie,9,corn,mushroom,mushroom,ArrowRight,"fewer, more",1,MORE,"color, geo, icon",0,color,9
vbmpyoh,1,1816,training,pie,28,celery,mushroom,mushroom,ArrowRight,"fewer, more",1,MORE,"color, geo, icon",1,geo,0
vbmpyoh,1,2962,training,pie,17,mushroom,corn,mushroom,ArrowLeft,"fewer, more",1,MORE,"color, geo, icon",1,geo,1
vbmpyoh,1,925,training,pie,11,carrot,tomato,tomato,ArrowRight,"fewer, more",1,MORE,"color, geo, icon",1,geo,2
vbmpyoh,1,1175,real,pie,3,olive,corn,corn,ArrowRight,"fewer, more",1,MORE,"color, geo, icon",1,geo,0
vbmpyoh,1,1494,real,pie,2,mushroom,celery,mushroom,ArrowLeft,"fewer, more",1,MORE,"color, geo, icon",1,geo,1
vbmpyoh,1,1879,real,pie,0,eggplant,corn,corn,ArrowRight,"fewer, more",1,MORE,"color, geo, icon",1,geo,2
vbmpyoh,1,649,real,pie,7,mushroom,corn,corn,ArrowRight,"fewer, more",1,MORE,"color, geo, icon",1,geo,3
vbmpyoh,1,2989,real,pie,4,carrot,mushroom,carrot,ArrowLeft,"fewer, more",1,MORE,"color, geo, icon",1,geo,4
vbmpyoh,0,1618,real,pie,1,tomato,corn,tomato,ArrowRight,"fewer, more",1,MORE,"color, geo, icon",1,geo,5
vbmpyoh,1,1852,real,pie,8,corn,celery,corn,ArrowLeft,"fewer, more",1,MORE,"color, geo, icon",1,geo,6
vbmpyoh,1,2021,real,pie,9,corn,mushroom,mushroom,ArrowRight,"fewer, more",1,MORE,"color, geo, icon",1,geo,7
vbmpyoh,1,908,real,pie,5,celery,olive,celery,ArrowLeft,"fewer, more",1,MORE,"color, geo, icon",1,geo,8
vbmpyoh,1,1366,real,pie,6,olive,mushroom,mushroom,ArrowRight,"fewer, more",1,MORE,"color, geo, icon",1,geo,9
vbmpyoh,1,1538,training,pie,7,celery,eggplant,celery,ArrowLeft,"fewer, more",1,MORE,"color, geo, icon",2,icon,0
vbmpyoh,1,2205,training,pie,28,celery,mushroom,mushroom,ArrowRight,"fewer, more",1,MORE,"color, geo, icon",2,icon,1
vbmpyoh,1,1361,training,pie,22,mushroom,corn,corn,ArrowRight,"fewer, more",1,MORE,"color, geo, icon",2,icon,2
vbmpyoh,0,1185,real,pie,1,tomato,corn,tomato,ArrowRight,"fewer, more",1,MORE,"color, geo, icon",2,icon,0
vbmpyoh,1,2641,real,pie,4,carrot,mushroom,carrot,ArrowLeft,"fewer, more",1,MORE,"color, geo, icon",2,icon,1
vbmpyoh,1,889,real,pie,8,corn,celery,corn,ArrowLeft,"fewer, more",1,MORE,"color, geo, icon",2,icon,2
vbmpyoh,1,2020,real,pie,9,corn,mushroom,mushroom,ArrowRight,"fewer, more",1,MORE,"color, geo, icon",2,icon,3
vbmpyoh,1,1940,real,pie,7,mushroom,corn,corn,ArrowRight,"fewer, more",1,MORE,"color, geo, icon",2,icon,4
vbmpyoh,1,1901,real,pie,6,olive,mushroom,mushroom,ArrowRight,"fewer, more",1,MORE,"color, geo, icon",2,icon,5
vbmpyoh,1,1509,real,pie,5,celery,olive,celery,ArrowLeft,"fewer, more",1,MORE,"color, geo, icon",2,icon,6
vbmpyoh,1,1317,real,pie,0,eggplant,corn,corn,ArrowRight,"fewer, more",1,MORE,"color, geo, icon",2,icon,7
vbmpyoh,1,2041,real,pie,2,mushroom,celery,mushroom,ArrowLeft,"fewer, more",1,MORE,"color, geo, icon",2,icon,8
vbmpyoh,1,1466,real,pie,3,olive,corn,corn,ArrowRight,"fewer, more",1,MORE,"color, geo, icon",2,icon,9
vjysdme,0,4090,training,bar,26,mushroom,olive,mushroom,ArrowRight,"fewer, more",0,FEWER,"color, geo, icon",0,color,0
vjysdme,1,1961,training,bar,9,mushroom,eggplant,eggplant,ArrowRight,"fewer, more",0,FEWER,"color, geo, icon",0,color,1
vjysdme,1,1698,training,bar,15,eggplant,tomato,eggplant,ArrowLeft,"fewer, more",0,FEWER,"color, geo, icon",0,color,2
vjysdme,1,1146,real,bar,2,celery,mushroom,celery,ArrowLeft,"fewer, more",0,FEWER,"color, geo, icon",0,color,0
vjysdme,1,1969,real,bar,8,celery,corn,celery,ArrowLeft,"fewer, more",0,FEWER,"color, geo, icon",0,color,1
vjysdme,0,1642,real,bar,4,mushroom,carrot,mushroom,ArrowRight,"fewer, more",0,FEWER,"color, geo, icon",0,color,2
vjysdme,1,2248,real,bar,5,olive,celery,olive,ArrowLeft,"fewer, more",0,FEWER,"color, geo, icon",0,color,3
vjysdme,1,2185,real,bar,3,corn,olive,olive,ArrowRight,"fewer, more",0,FEWER,"color, geo, icon",0,color,4
vjysdme,1,1478,real,bar,1,corn,tomato,corn,ArrowLeft,"fewer, more",0,FEWER,"color, geo, icon",0,color,5
vjysdme,1,2907,real,bar,7,corn,mushroom,mushroom,ArrowRight,"fewer, more",0,FEWER,"color, geo, icon",0,color,6
vjysdme,1,3550,real,bar,0,eggplant,corn,eggplant,ArrowLeft,"fewer, more",0,FEWER,"color, geo, icon",0,color,7
vjysdme,1,1622,real,bar,6,mushroom,olive,olive,ArrowRight,"fewer, more",0,FEWER,"color, geo, icon",0,color,8
vjysdme,1,1230,real,bar,9,mushroom,corn,corn,ArrowRight,"fewer, more",0,FEWER,"color, geo, icon",0,color,9
vjysdme,1,4477,training,bar,19,carrot,eggplant,eggplant,ArrowRight,"fewer, more",0,FEWER,"color, geo, icon",1,geo,0
vjysdme,1,2188,training,bar,18,corn,eggplant,corn,ArrowLeft,"fewer, more",0,FEWER,"color, geo, icon",1,geo,1
vjysdme,1,4410,training,bar,22,corn,mushroom,mushroom,ArrowRight,"fewer, more",0,FEWER,"color, geo, icon",1,geo,2
vjysdme,1,2239,real,bar,5,olive,celery,olive,ArrowLeft,"fewer, more",0,FEWER,"color, geo, icon",1,geo,0
vjysdme,1,1949,real,bar,3,corn,olive,olive,ArrowRight,"fewer, more",0,FEWER,"color, geo, icon",1,geo,1
vjysdme,1,1248,real,bar,7,corn,mushroom,mushroom,ArrowRight,"fewer, more",0,FEWER,"color, geo, icon",1,geo,2
vjysdme,1,1873,real,bar,0,eggplant,corn,eggplant,ArrowLeft,"fewer, more",0,FEWER,"color, geo, icon",1,geo,3
vjysdme,1,1598,real,bar,1,corn,tomato,corn,ArrowLeft,"fewer, more",0,FEWER,"color, geo, icon",1,geo,4
vjysdme,1,905,real,bar,9,mushroom,corn,corn,ArrowRight,"fewer, more",0,FEWER,"color, geo, icon",1,geo,5
vjysdme,1,3072,real,bar,8,celery,corn,celery,ArrowLeft,"fewer, more",0,FEWER,"color, geo, icon",1,geo,6
vjysdme,1,2043,real,bar,6,mushroom,olive,olive,ArrowRight,"fewer, more",0,FEWER,"color, geo, icon",1,geo,7
vjysdme,1,1932,real,bar,2,celery,mushroom,celery,ArrowLeft,"fewer, more",0,FEWER,"color, geo, icon",1,geo,8
vjysdme,1,2120,real,bar,4,mushroom,carrot,mushroom,ArrowLeft,"fewer, more",0,FEWER,"color, geo, icon",1,geo,9
vjysdme,1,3108,training,bar,10,celery,eggplant,eggplant,ArrowRight,"fewer, more",0,FEWER,"color, geo, icon",2,icon,0
vjysdme,1,3819,training,bar,12,celery,corn,celery,ArrowLeft,"fewer, more",0,FEWER,"color, geo, icon",2,icon,1
vjysdme,1,2048,training,bar,7,eggplant,celery,eggplant,ArrowLeft,"fewer, more",0,FEWER,"color, geo, icon",2,icon,2
vjysdme,1,1837,real,bar,1,corn,tomato,corn,ArrowLeft,"fewer, more",0,FEWER,"color, geo, icon",2,icon,0
vjysdme,1,1739,real,bar,6,mushroom,olive,olive,ArrowRight,"fewer, more",0,FEWER,"color, geo, icon",2,icon,1
vjysdme,1,2611,real,bar,4,mushroom,carrot,mushroom,ArrowLeft,"fewer, more",0,FEWER,"color, geo, icon",2,icon,2
vjysdme,1,2780,real,bar,2,celery,mushroom,celery,ArrowLeft,"fewer, more",0,FEWER,"color, geo, icon",2,icon,3
vjysdme,0,2053,real,bar,8,celery,corn,celery,ArrowRight,"fewer, more",0,FEWER,"color, geo, icon",2,icon,4
vjysdme,1,3128,real,bar,7,corn,mushroom,mushroom,ArrowRight,"fewer, more",0,FEWER,"color, geo, icon",2,icon,5
vjysdme,1,2699,real,bar,9,mushroom,corn,corn,ArrowRight,"fewer, more",0,FEWER,"color, geo, icon",2,icon,6
vjysdme,1,3922,real,bar,5,olive,celery,olive,ArrowLeft,"fewer, more",0,FEWER,"color, geo, icon",2,icon,7
vjysdme,1,2730,real,bar,3,corn,olive,olive,ArrowRight,"fewer, more",0,FEWER,"color, geo, icon",2,icon,8
vjysdme,1,3216,real,bar,0,eggplant,corn,eggplant,ArrowLeft,"fewer, more",0,FEWER,"color, geo, icon",2,icon,9
vjysdme,1,3874,training,bar,1,corn,mushroom,mushroom,ArrowRight,"fewer, more",1,MORE,"color, icon, geo",0,color,0
vjysdme,1,2387,training,bar,20,eggplant,tomato,eggplant,ArrowLeft,"fewer, more",1,MORE,"color, icon, geo",0,color,1
vjysdme,1,1680,training,bar,7,eggplant,celery,celery,ArrowRight,"fewer, more",1,MORE,"color, icon, geo",0,color,2
vjysdme,1,3006,real,bar,2,celery,mushroom,mushroom,ArrowRight,"fewer, more",1,MORE,"color, icon, geo",0,color,0
vjysdme,1,1394,real,bar,8,celery,corn,corn,ArrowRight,"fewer, more",1,MORE,"color, icon, geo",0,color,1
vjysdme,1,1504,real,bar,4,mushroom,carrot,carrot,ArrowRight,"fewer, more",1,MORE,"color, icon, geo",0,color,2
vjysdme,1,2283,real,bar,5,olive,celery,celery,ArrowRight,"fewer, more",1,MORE,"color, icon, geo",0,color,3
vjysdme,1,1504,real,bar,3,corn,olive,corn,ArrowLeft,"fewer, more",1,MORE,"color, icon, geo",0,color,4
vjysdme,1,1761,real,bar,1,corn,tomato,tomato,ArrowRight,"fewer, more",1,MORE,"color, icon, geo",0,color,5
vjysdme,1,1523,real,bar,7,corn,mushroom,corn,ArrowLeft,"fewer, more",1,MORE,"color, icon, geo",0,color,6
vjysdme,1,2795,real,bar,0,eggplant,corn,corn,ArrowRight,"fewer, more",1,MORE,"color, icon, geo",0,color,7
vjysdme,1,2484,real,bar,6,mushroom,olive,mushroom,ArrowLeft,"fewer, more",1,MORE,"color, icon, geo",0,color,8
vjysdme,1,1441,real,bar,9,mushroom,corn,mushroom,ArrowLeft,"fewer, more",1,MORE,"color, icon, geo",0,color,9
vjysdme,1,3828,training,bar,18,corn,eggplant,eggplant,ArrowRight,"fewer, more",1,MORE,"color, icon, geo",1,icon,0
vjysdme,1,2994,training,bar,2,tomato,mushroom,mushroom,ArrowRight,"fewer, more",1,MORE,"color, icon, geo",1,icon,1
vjysdme,1,4006,training,bar,26,mushroom,olive,olive,ArrowRight,"fewer, more",1,MORE,"color, icon, geo",1,icon,2
vjysdme,1,3588,real,bar,1,corn,tomato,tomato,ArrowRight,"fewer, more",1,MORE,"color, icon, geo",1,icon,0
vjysdme,1,2835,real,bar,6,mushroom,olive,mushroom,ArrowLeft,"fewer, more",1,MORE,"color, icon, geo",1,icon,1
vjysdme,1,3265,real,bar,4,mushroom,carrot,carrot,ArrowRight,"fewer, more",1,MORE,"color, icon, geo",1,icon,2
vjysdme,1,2052,real,bar,2,celery,mushroom,mushroom,ArrowRight,"fewer, more",1,MORE,"color, icon, geo",1,icon,3
vjysdme,1,2089,real,bar,8,celery,corn,corn,ArrowRight,"fewer, more",1,MORE,"color, icon, geo",1,icon,4
vjysdme,1,1290,real,bar,7,corn,mushroom,corn,ArrowLeft,"fewer, more",1,MORE,"color, icon, geo",1,icon,5
vjysdme,1,2972,real,bar,9,mushroom,corn,mushroom,ArrowLeft,"fewer, more",1,MORE,"color, icon, geo",1,icon,6
vjysdme,1,2201,real,bar,5,olive,celery,celery,ArrowRight,"fewer, more",1,MORE,"color, icon, geo",1,icon,7
vjysdme,1,1584,real,bar,3,corn,olive,corn,ArrowLeft,"fewer, more",1,MORE,"color, icon, geo",1,icon,8
vjysdme,1,2949,real,bar,0,eggplant,corn,corn,ArrowRight,"fewer, more",1,MORE,"color, icon, geo",1,icon,9
vjysdme,1,2774,training,bar,9,mushroom,eggplant,mushroom,ArrowLeft,"fewer, more",1,MORE,"color, icon, geo",2,geo,0
vjysdme,1,2670,training,bar,3,carrot,celery,celery,ArrowRight,"fewer, more",1,MORE,"color, icon, geo",2,geo,1
vjysdme,1,3666,training,bar,15,eggplant,tomato,tomato,ArrowRight,"fewer, more",1,MORE,"color, icon, geo",2,geo,2
vjysdme,0,2520,real,bar,5,olive,celery,celery,ArrowLeft,"fewer, more",1,MORE,"color, icon, geo",2,geo,0
vjysdme,1,1398,real,bar,3,corn,olive,corn,ArrowLeft,"fewer, more",1,MORE,"color, icon, geo",2,geo,1
vjysdme,1,1882,real,bar,7,corn,mushroom,corn,ArrowLeft,"fewer, more",1,MORE,"color, icon, geo",2,geo,2
vjysdme,1,2731,real,bar,0,eggplant,corn,corn,ArrowRight,"fewer, more",1,MORE,"color, icon, geo",2,geo,3
vjysdme,1,1945,real,bar,1,corn,tomato,tomato,ArrowRight,"fewer, more",1,MORE,"color, icon, geo",2,geo,4
vjysdme,1,1185,real,bar,9,mushroom,corn,mushroom,ArrowLeft,"fewer, more",1,MORE,"color, icon, geo",2,geo,5
vjysdme,1,2261,real,bar,8,celery,corn,corn,ArrowRight,"fewer, more",1,MORE,"color, icon, geo",2,geo,6
vjysdme,0,1231,real,bar,6,mushroom,olive,mushroom,ArrowRight,"fewer, more",1,MORE,"color, icon, geo",2,geo,7
vjysdme,1,2188,real,bar,2,celery,mushroom,mushroom,ArrowRight,"fewer, more",1,MORE,"color, icon, geo",2,geo,8
vjysdme,1,1256,real,bar,4,mushroom,carrot,carrot,ArrowRight,"fewer, more",1,MORE,"color, icon, geo",2,geo,9
vlbndmh,-1,5000,training,bar,1,corn,mushroom,corn,none,"fewer, more",0,FEWER,"color, icon, geo",0,color,0
vlbndmh,1,3125,training,bar,17,corn,mushroom,corn,ArrowLeft,"fewer, more",0,FEWER,"color, icon, geo",0,color,1
vlbndmh,1,3496,training,bar,1,corn,mushroom,corn,ArrowLeft,"fewer, more",0,FEWER,"color, icon, geo",0,color,2
vlbndmh,1,2156,real,bar,2,celery,mushroom,celery,ArrowLeft,"fewer, more",0,FEWER,"color, icon, geo",0,color,0
vlbndmh,1,2076,real,bar,5,olive,celery,olive,ArrowLeft,"fewer, more",0,FEWER,"color, icon, geo",0,color,1
vlbndmh,1,2311,real,bar,4,mushroom,carrot,mushroom,ArrowLeft,"fewer, more",0,FEWER,"color, icon, geo",0,color,2
vlbndmh,1,2685,real,bar,9,mushroom,corn,corn,ArrowRight,"fewer, more",0,FEWER,"color, icon, geo",0,color,3
vlbndmh,1,3936,real,bar,7,corn,mushroom,mushroom,ArrowRight,"fewer, more",0,FEWER,"color, icon, geo",0,color,4
vlbndmh,1,3276,real,bar,0,eggplant,corn,eggplant,ArrowLeft,"fewer, more",0,FEWER,"color, icon, geo",0,color,5
vlbndmh,1,3090,real,bar,3,corn,olive,olive,ArrowRight,"fewer, more",0,FEWER,"color, icon, geo",0,color,6
vlbndmh,1,3094,real,bar,1,corn,tomato,corn,ArrowLeft,"fewer, more",0,FEWER,"color, icon, geo",0,color,7
vlbndmh,1,3720,real,bar,8,celery,corn,celery,ArrowLeft,"fewer, more",0,FEWER,"color, icon, geo",0,color,8
vlbndmh,1,3971,real,bar,6,mushroom,olive,olive,ArrowRight,"fewer, more",0,FEWER,"color, icon, geo",0,color,9
vlbndmh,1,2933,training,bar,6,celery,mushroom,mushroom,ArrowRight,"fewer, more",0,FEWER,"color, icon, geo",1,icon,0
vlbndmh,-1,5000,training,bar,19,carrot,eggplant,eggplant,none,"fewer, more",0,FEWER,"color, icon, geo",1,icon,1
vlbndmh,1,536,training,bar,11,tomato,carrot,carrot,ArrowRight,"fewer, more",0,FEWER,"color, icon, geo",1,icon,2
vlbndmh,1,3385,real,bar,0,eggplant,corn,eggplant,ArrowLeft,"fewer, more",0,FEWER,"color, icon, geo",1,icon,0
vlbndmh,-1,5000,real,bar,5,olive,celery,olive,none,"fewer, more",0,FEWER,"color, icon, geo",1,icon,1
vlbndmh,1,331,real,bar,9,mushroom,corn,corn,ArrowRight,"fewer, more",0,FEWER,"color, icon, geo",1,icon,2
vlbndmh,1,377,real,bar,8,celery,corn,celery,ArrowLeft,"fewer, more",0,FEWER,"color, icon, geo",1,icon,3
vlbndmh,1,438,real,bar,3,corn,olive,olive,ArrowRight,"fewer, more",0,FEWER,"color, icon, geo",1,icon,4
vlbndmh,0,263,real,bar,6,mushroom,olive,olive,ArrowLeft,"fewer, more",0,FEWER,"color, icon, geo",1,icon,5
vlbndmh,0,229,real,bar,1,corn,tomato,corn,ArrowRight,"fewer, more",0,FEWER,"color, icon, geo",1,icon,6
vlbndmh,1,534,real,bar,2,celery,mushroom,celery,ArrowLeft,"fewer, more",0,FEWER,"color, icon, geo",1,icon,7
vlbndmh,1,426,real,bar,7,corn,mushroom,mushroom,ArrowRight,"fewer, more",0,FEWER,"color, icon, geo",1,icon,8
vlbndmh,1,206,real,bar,4,mushroom,carrot,mushroom,ArrowLeft,"fewer, more",0,FEWER,"color, icon, geo",1,icon,9
vlbndmh,0,752,training,bar,17,corn,mushroom,corn,ArrowRight,"fewer, more",0,FEWER,"color, icon, geo",2,geo,0
vlbndmh,0,327,training,bar,14,eggplant,tomato,eggplant,ArrowRight,"fewer, more",0,FEWER,"color, icon, geo",2,geo,1
vlbndmh,0,280,training,bar,16,mushroom,olive,olive,ArrowLeft,"fewer, more",0,FEWER,"color, icon, geo",2,geo,2
vlbndmh,1,2530,real,bar,1,corn,tomato,corn,ArrowLeft,"fewer, more",0,FEWER,"color, icon, geo",2,geo,0
vlbndmh,1,2266,real,bar,5,olive,celery,olive,ArrowLeft,"fewer, more",0,FEWER,"color, icon, geo",2,geo,1
vlbndmh,1,1238,real,bar,3,corn,olive,olive,ArrowRight,"fewer, more",0,FEWER,"color, icon, geo",2,geo,2
vlbndmh,1,1801,real,bar,8,celery,corn,celery,ArrowLeft,"fewer, more",0,FEWER,"color, icon, geo",2,geo,3
vlbndmh,1,3111,real,bar,4,mushroom,carrot,mushroom,ArrowLeft,"fewer, more",0,FEWER,"color, icon, geo",2,geo,4
vlbndmh,1,2750,real,bar,9,mushroom,corn,corn,ArrowRight,"fewer, more",0,FEWER,"color, icon, geo",2,geo,5
vlbndmh,1,3329,real,bar,7,corn,mushroom,mushroom,ArrowRight,"fewer, more",0,FEWER,"color, icon, geo",2,geo,6
vlbndmh,1,326,real,bar,2,celery,mushroom,celery,ArrowLeft,"fewer, more",0,FEWER,"color, icon, geo",2,geo,7
vlbndmh,1,234,real,bar,6,mushroom,olive,olive,ArrowRight,"fewer, more",0,FEWER,"color, icon, geo",2,geo,8
vlbndmh,0,862,real,bar,0,eggplant,corn,eggplant,ArrowRight,"fewer, more",0,FEWER,"color, icon, geo",2,geo,9
vlbndmh,1,617,training,bar,27,corn,olive,corn,ArrowLeft,"fewer, more",1,MORE,"icon, color, geo",0,icon,0
vlbndmh,0,297,training,bar,6,celery,mushroom,celery,ArrowRight,"fewer, more",1,MORE,"icon, color, geo",0,icon,1
vlbndmh,1,418,training,bar,16,mushroom,olive,mushroom,ArrowLeft,"fewer, more",1,MORE,"icon, color, geo",0,icon,2
vlbndmh,1,1309,real,bar,0,eggplant,corn,corn,ArrowRight,"fewer, more",1,MORE,"icon, color, geo",0,icon,0
vlbndmh,0,586,real,bar,5,olive,celery,celery,ArrowLeft,"fewer, more",1,MORE,"icon, color, geo",0,icon,1
vlbndmh,0,373,real,bar,9,mushroom,corn,mushroom,ArrowRight,"fewer, more",1,MORE,"icon, color, geo",0,icon,2
vlbndmh,0,402,real,bar,8,celery,corn,corn,ArrowLeft,"fewer, more",1,MORE,"icon, color, geo",0,icon,3
vlbndmh,1,348,real,bar,3,corn,olive,corn,ArrowLeft,"fewer, more",1,MORE,"icon, color, geo",0,icon,4
vlbndmh,1,365,real,bar,6,mushroom,olive,mushroom,ArrowLeft,"fewer, more",1,MORE,"icon, color, geo",0,icon,5
vlbndmh,1,191,real,bar,1,corn,tomato,tomato,ArrowRight,"fewer, more",1,MORE,"icon, color, geo",0,icon,6
vlbndmh,0,237,real,bar,2,celery,mushroom,mushroom,ArrowLeft,"fewer, more",1,MORE,"icon, color, geo",0,icon,7
vlbndmh,0,647,real,bar,7,corn,mushroom,corn,ArrowRight,"fewer, more",1,MORE,"icon, color, geo",0,icon,8
vlbndmh,0,514,real,bar,4,mushroom,carrot,carrot,ArrowLeft,"fewer, more",1,MORE,"icon, color, geo",0,icon,9
vlbndmh,1,2508,training,bar,11,tomato,carrot,tomato,ArrowLeft,"fewer, more",1,MORE,"icon, color, geo",1,color,0
vlbndmh,1,299,training,bar,15,eggplant,tomato,tomato,ArrowRight,"fewer, more",1,MORE,"icon, color, geo",1,color,1
vlbndmh,1,274,training,bar,20,eggplant,tomato,eggplant,ArrowLeft,"fewer, more",1,MORE,"icon, color, geo",1,color,2
vlbndmh,1,774,real,bar,2,celery,mushroom,mushroom,ArrowRight,"fewer, more",1,MORE,"icon, color, geo",1,color,0
vlbndmh,1,885,real,bar,5,olive,celery,celery,ArrowRight,"fewer, more",1,MORE,"icon, color, geo",1,color,1
vlbndmh,0,537,real,bar,4,mushroom,carrot,carrot,ArrowLeft,"fewer, more",1,MORE,"icon, color, geo",1,color,2
vlbndmh,0,325,real,bar,9,mushroom,corn,mushroom,ArrowRight,"fewer, more",1,MORE,"icon, color, geo",1,color,3
vlbndmh,1,498,real,bar,7,corn,mushroom,corn,ArrowLeft,"fewer, more",1,MORE,"icon, color, geo",1,color,4
vlbndmh,0,446,real,bar,0,eggplant,corn,corn,ArrowLeft,"fewer, more",1,MORE,"icon, color, geo",1,color,5
vlbndmh,0,325,real,bar,3,corn,olive,corn,ArrowRight,"fewer, more",1,MORE,"icon, color, geo",1,color,6
vlbndmh,0,300,real,bar,1,corn,tomato,tomato,ArrowLeft,"fewer, more",1,MORE,"icon, color, geo",1,color,7
vlbndmh,1,305,real,bar,8,celery,corn,corn,ArrowRight,"fewer, more",1,MORE,"icon, color, geo",1,color,8
vlbndmh,0,290,real,bar,6,mushroom,olive,mushroom,ArrowRight,"fewer, more",1,MORE,"icon, color, geo",1,color,9
vlbndmh,0,2720,training,bar,12,celery,corn,corn,ArrowLeft,"fewer, more",1,MORE,"icon, color, geo",2,geo,0
vlbndmh,0,506,training,bar,7,eggplant,celery,celery,ArrowLeft,"fewer, more",1,MORE,"icon, color, geo",2,geo,1
vlbndmh,0,351,training,bar,20,eggplant,tomato,eggplant,ArrowRight,"fewer, more",1,MORE,"icon, color, geo",2,geo,2
vlbndmh,0,250,real,bar,1,corn,tomato,tomato,ArrowLeft,"fewer, more",1,MORE,"icon, color, geo",2,geo,0
vlbndmh,1,294,real,bar,5,olive,celery,celery,ArrowRight,"fewer, more",1,MORE,"icon, color, geo",2,geo,1
vlbndmh,0,233,real,bar,3,corn,olive,corn,ArrowRight,"fewer, more",1,MORE,"icon, color, geo",2,geo,2
vlbndmh,1,226,real,bar,8,celery,corn,corn,ArrowRight,"fewer, more",1,MORE,"icon, color, geo",2,geo,3
vlbndmh,1,229,real,bar,4,mushroom,carrot,carrot,ArrowRight,"fewer, more",1,MORE,"icon, color, geo",2,geo,4
vlbndmh,0,208,real,bar,9,mushroom,corn,mushroom,ArrowRight,"fewer, more",1,MORE,"icon, color, geo",2,geo,5
vlbndmh,0,226,real,bar,7,corn,mushroom,corn,ArrowRight,"fewer, more",1,MORE,"icon, color, geo",2,geo,6
vlbndmh,1,197,real,bar,2,celery,mushroom,mushroom,ArrowRight,"fewer, more",1,MORE,"icon, color, geo",2,geo,7
vlbndmh,0,237,real,bar,6,mushroom,olive,mushroom,ArrowRight,"fewer, more",1,MORE,"icon, color, geo",2,geo,8
vlbndmh,1,309,real,bar,0,eggplant,corn,corn,ArrowRight,"fewer, more",1,MORE,"icon, color, geo",2,geo,9
xkyejci,1,4791,training,bar,9,mushroom,eggplant,mushroom,ArrowLeft,"more, fewer",0,MORE,"geo, icon, color",0,geo,0
xkyejci,-1,5000,training,bar,22,corn,mushroom,corn,none,"more, fewer",0,MORE,"geo, icon, color",0,geo,1
xkyejci,1,3593,training,bar,11,tomato,carrot,tomato,ArrowLeft,"more, fewer",0,MORE,"geo, icon, color",0,geo,2
xkyejci,1,3535,real,bar,9,mushroom,corn,mushroom,ArrowLeft,"more, fewer",0,MORE,"geo, icon, color",0,geo,0
xkyejci,1,2933,real,bar,1,corn,tomato,tomato,ArrowRight,"more, fewer",0,MORE,"geo, icon, color",0,geo,1
xkyejci,1,4089,real,bar,2,celery,mushroom,mushroom,ArrowRight,"more, fewer",0,MORE,"geo, icon, color",0,geo,2
xkyejci,1,2567,real,bar,8,celery,corn,corn,ArrowRight,"more, fewer",0,MORE,"geo, icon, color",0,geo,3
xkyejci,1,3361,real,bar,4,mushroom,carrot,carrot,ArrowRight,"more, fewer",0,MORE,"geo, icon, color",0,geo,4
xkyejci,-1,5000,real,bar,6,mushroom,olive,mushroom,none,"more, fewer",0,MORE,"geo, icon, color",0,geo,5
xkyejci,1,2839,real,bar,3,corn,olive,corn,ArrowLeft,"more, fewer",0,MORE,"geo, icon, color",0,geo,6
xkyejci,1,1454,real,bar,7,corn,mushroom,corn,ArrowLeft,"more, fewer",0,MORE,"geo, icon, color",0,geo,7
xkyejci,1,3190,real,bar,5,olive,celery,celery,ArrowRight,"more, fewer",0,MORE,"geo, icon, color",0,geo,8
xkyejci,1,3138,real,bar,0,eggplant,corn,corn,ArrowRight,"more, fewer",0,MORE,"geo, icon, color",0,geo,9
xkyejci,1,3099,training,bar,24,celery,mushroom,celery,ArrowLeft,"more, fewer",0,MORE,"geo, icon, color",1,icon,0
xkyejci,1,1752,training,bar,0,corn,carrot,carrot,ArrowRight,"more, fewer",0,MORE,"geo, icon, color",1,icon,1
xkyejci,0,4664,training,bar,7,eggplant,celery,celery,ArrowLeft,"more, fewer",0,MORE,"geo, icon, color",1,icon,2
xkyejci,1,3343,real,bar,1,corn,tomato,tomato,ArrowRight,"more, fewer",0,MORE,"geo, icon, color",1,icon,0
xkyejci,0,2025,real,bar,3,corn,olive,corn,ArrowRight,"more, fewer",0,MORE,"geo, icon, color",1,icon,1
xkyejci,1,3681,real,bar,0,eggplant,corn,corn,ArrowRight,"more, fewer",0,MORE,"geo, icon, color",1,icon,2
xkyejci,1,3609,real,bar,4,mushroom,carrot,carrot,ArrowRight,"more, fewer",0,MORE,"geo, icon, color",1,icon,3
xkyejci,-1,5000,real,bar,5,olive,celery,celery,none,"more, fewer",0,MORE,"geo, icon, color",1,icon,4
xkyejci,1,2893,real,bar,2,celery,mushroom,mushroom,ArrowRight,"more, fewer",0,MORE,"geo, icon, color",1,icon,5
xkyejci,1,1376,real,bar,8,celery,corn,corn,ArrowRight,"more, fewer",0,MORE,"geo, icon, color",1,icon,6
xkyejci,1,4972,real,bar,9,mushroom,corn,mushroom,ArrowLeft,"more, fewer",0,MORE,"geo, icon, color",1,icon,7
xkyejci,1,3715,real,bar,6,mushroom,olive,mushroom,ArrowLeft,"more, fewer",0,MORE,"geo, icon, color",1,icon,8
xkyejci,1,2124,real,bar,7,corn,mushroom,corn,ArrowLeft,"more, fewer",0,MORE,"geo, icon, color",1,icon,9
xkyejci,1,2993,training,bar,3,carrot,celery,celery,ArrowRight,"more, fewer",0,MORE,"geo, icon, color",2,color,0
xkyejci,1,2328,training,bar,6,celery,mushroom,celery,ArrowLeft,"more, fewer",0,MORE,"geo, icon, color",2,color,1
xkyejci,1,3619,training,bar,8,olive,eggplant,eggplant,ArrowRight,"more, fewer",0,MORE,"geo, icon, color",2,color,2
xkyejci,1,3939,real,bar,0,eggplant,corn,corn,ArrowRight,"more, fewer",0,MORE,"geo, icon, color",2,color,0
xkyejci,1,2761,real,bar,8,celery,corn,corn,ArrowRight,"more, fewer",0,MORE,"geo, icon, color",2,color,1
xkyejci,1,4271,real,bar,5,olive,celery,celery,ArrowRight,"more, fewer",0,MORE,"geo, icon, color",2,color,2
xkyejci,1,3710,real,bar,4,mushroom,carrot,carrot,ArrowRight,"more, fewer",0,MORE,"geo, icon, color",2,color,3
xkyejci,1,2273,real,bar,1,corn,tomato,tomato,ArrowRight,"more, fewer",0,MORE,"geo, icon, color",2,color,4
xkyejci,1,3253,real,bar,6,mushroom,olive,mushroom,ArrowLeft,"more, fewer",0,MORE,"geo, icon, color",2,color,5
xkyejci,1,2516,real,bar,2,celery,mushroom,mushroom,ArrowRight,"more, fewer",0,MORE,"geo, icon, color",2,color,6
xkyejci,1,2240,real,bar,9,mushroom,corn,mushroom,ArrowLeft,"more, fewer",0,MORE,"geo, icon, color",2,color,7
xkyejci,1,1350,real,bar,7,corn,mushroom,corn,ArrowLeft,"more, fewer",0,MORE,"geo, icon, color",2,color,8
xkyejci,1,2354,real,bar,3,corn,olive,corn,ArrowLeft,"more, fewer",0,MORE,"geo, icon, color",2,color,9
xkyejci,-1,5000,training,bar,8,olive,eggplant,olive,none,"more, fewer",1,FEWER,"icon, color, geo",0,icon,0
xkyejci,1,3261,training,bar,3,carrot,celery,carrot,ArrowLeft,"more, fewer",1,FEWER,"icon, color, geo",0,icon,1
xkyejci,1,2445,training,bar,1,corn,mushroom,corn,ArrowLeft,"more, fewer",1,FEWER,"icon, color, geo",0,icon,2
xkyejci,1,2741,real,bar,1,corn,tomato,corn,ArrowLeft,"more, fewer",1,FEWER,"icon, color, geo",0,icon,0
xkyejci,1,1733,real,bar,3,corn,olive,olive,ArrowRight,"more, fewer",1,FEWER,"icon, color, geo",0,icon,1
xkyejci,1,2672,real,bar,0,eggplant,corn,eggplant,ArrowLeft,"more, fewer",1,FEWER,"icon, color, geo",0,icon,2
xkyejci,1,2445,real,bar,4,mushroom,carrot,mushroom,ArrowLeft,"more, fewer",1,FEWER,"icon, color, geo",0,icon,3
xkyejci,1,2934,real,bar,5,olive,celery,olive,ArrowLeft,"more, fewer",1,FEWER,"icon, color, geo",0,icon,4
xkyejci,1,2581,real,bar,2,celery,mushroom,celery,ArrowLeft,"more, fewer",1,FEWER,"icon, color, geo",0,icon,5
xkyejci,1,3081,real,bar,8,celery,corn,celery,ArrowLeft,"more, fewer",1,FEWER,"icon, color, geo",0,icon,6
xkyejci,1,2221,real,bar,9,mushroom,corn,corn,ArrowRight,"more, fewer",1,FEWER,"icon, color, geo",0,icon,7
xkyejci,1,2540,real,bar,6,mushroom,olive,olive,ArrowRight,"more, fewer",1,FEWER,"icon, color, geo",0,icon,8
xkyejci,1,2411,real,bar,7,corn,mushroom,mushroom,ArrowRight,"more, fewer",1,FEWER,"icon, color, geo",0,icon,9
xkyejci,1,3202,training,bar,11,tomato,carrot,carrot,ArrowRight,"more, fewer",1,FEWER,"icon, color, geo",1,color,0
xkyejci,1,1510,training,bar,14,eggplant,tomato,eggplant,ArrowLeft,"more, fewer",1,FEWER,"icon, color, geo",1,color,1
xkyejci,1,2115,training,bar,17,corn,mushroom,corn,ArrowLeft,"more, fewer",1,FEWER,"icon, color, geo",1,color,2
xkyejci,1,2833,real,bar,0,eggplant,corn,eggplant,ArrowLeft,"more, fewer",1,FEWER,"icon, color, geo",1,color,0
xkyejci,1,3139,real,bar,8,celery,corn,celery,ArrowLeft,"more, fewer",1,FEWER,"icon, color, geo",1,color,1
xkyejci,1,3556,real,bar,5,olive,celery,olive,ArrowLeft,"more, fewer",1,FEWER,"icon, color, geo",1,color,2
xkyejci,1,2696,real,bar,4,mushroom,carrot,mushroom,ArrowLeft,"more, fewer",1,FEWER,"icon, color, geo",1,color,3
xkyejci,1,2396,real,bar,1,corn,tomato,corn,ArrowLeft,"more, fewer",1,FEWER,"icon, color, geo",1,color,4
xkyejci,1,2580,real,bar,6,mushroom,olive,olive,ArrowRight,"more, fewer",1,FEWER,"icon, color, geo",1,color,5
xkyejci,1,2346,real,bar,2,celery,mushroom,celery,ArrowLeft,"more, fewer",1,FEWER,"icon, color, geo",1,color,6
xkyejci,1,2683,real,bar,9,mushroom,corn,corn,ArrowRight,"more, fewer",1,FEWER,"icon, color, geo",1,color,7
xkyejci,1,2143,real,bar,7,corn,mushroom,mushroom,ArrowRight,"more, fewer",1,FEWER,"icon, color, geo",1,color,8
xkyejci,1,1792,real,bar,3,corn,olive,olive,ArrowRight,"more, fewer",1,FEWER,"icon, color, geo",1,color,9
xkyejci,-1,5000,training,bar,9,mushroom,eggplant,eggplant,none,"more, fewer",1,FEWER,"icon, color, geo",2,geo,0
xkyejci,1,1813,training,bar,15,eggplant,tomato,eggplant,ArrowLeft,"more, fewer",1,FEWER,"icon, color, geo",2,geo,1
xkyejci,1,3511,training,bar,13,olive,carrot,olive,ArrowLeft,"more, fewer",1,FEWER,"icon, color, geo",2,geo,2
xkyejci,1,2741,real,bar,9,mushroom,corn,corn,ArrowRight,"more, fewer",1,FEWER,"icon, color, geo",2,geo,0
xkyejci,1,2371,real,bar,1,corn,tomato,corn,ArrowLeft,"more, fewer",1,FEWER,"icon, color, geo",2,geo,1
xkyejci,1,1775,real,bar,2,celery,mushroom,celery,ArrowLeft,"more, fewer",1,FEWER,"icon, color, geo",2,geo,2
xkyejci,1,2842,real,bar,8,celery,corn,celery,ArrowLeft,"more, fewer",1,FEWER,"icon, color, geo",2,geo,3
xkyejci,1,3808,real,bar,4,mushroom,carrot,mushroom,ArrowLeft,"more, fewer",1,FEWER,"icon, color, geo",2,geo,4
xkyejci,1,2176,real,bar,6,mushroom,olive,olive,ArrowRight,"more, fewer",1,FEWER,"icon, color, geo",2,geo,5
xkyejci,1,2352,real,bar,3,corn,olive,olive,ArrowRight,"more, fewer",1,FEWER,"icon, color, geo",2,geo,6
xkyejci,1,2618,real,bar,7,corn,mushroom,mushroom,ArrowRight,"more, fewer",1,FEWER,"icon, color, geo",2,geo,7
xkyejci,1,3299,real,bar,5,olive,celery,olive,ArrowLeft,"more, fewer",1,FEWER,"icon, color, geo",2,geo,8
xkyejci,1,2352,real,bar,0,eggplant,corn,eggplant,ArrowLeft,"more, fewer",1,FEWER,"icon, color, geo",2,geo,9
ybwelfj,1,2361,training,bar,22,corn,mushroom,mushroom,ArrowRight,"fewer, more",0,FEWER,"geo, color, icon",0,geo,0
ybwelfj,1,2244,training,bar,4,celery,carrot,carrot,ArrowRight,"fewer, more",0,FEWER,"geo, color, icon",0,geo,1
ybwelfj,1,2202,training,bar,7,eggplant,celery,eggplant,ArrowLeft,"fewer, more",0,FEWER,"geo, color, icon",0,geo,2
ybwelfj,1,1302,real,bar,1,corn,tomato,corn,ArrowLeft,"fewer, more",0,FEWER,"geo, color, icon",0,geo,0
ybwelfj,1,2448,real,bar,8,celery,corn,celery,ArrowLeft,"fewer, more",0,FEWER,"geo, color, icon",0,geo,1
ybwelfj,1,4643,real,bar,0,eggplant,corn,eggplant,ArrowLeft,"fewer, more",0,FEWER,"geo, color, icon",0,geo,2
ybwelfj,1,1779,real,bar,2,celery,mushroom,celery,ArrowLeft,"fewer, more",0,FEWER,"geo, color, icon",0,geo,3
ybwelfj,-1,5000,real,bar,5,olive,celery,olive,none,"fewer, more",0,FEWER,"geo, color, icon",0,geo,4
ybwelfj,1,2387,real,bar,6,mushroom,olive,olive,ArrowRight,"fewer, more",0,FEWER,"geo, color, icon",0,geo,5
ybwelfj,1,3082,real,bar,7,corn,mushroom,mushroom,ArrowRight,"fewer, more",0,FEWER,"geo, color, icon",0,geo,6
ybwelfj,1,1263,real,bar,4,mushroom,carrot,mushroom,ArrowLeft,"fewer, more",0,FEWER,"geo, color, icon",0,geo,7
ybwelfj,1,2300,real,bar,3,corn,olive,olive,ArrowRight,"fewer, more",0,FEWER,"geo, color, icon",0,geo,8
ybwelfj,1,1500,real,bar,9,mushroom,corn,corn,ArrowRight,"fewer, more",0,FEWER,"geo, color, icon",0,geo,9
ybwelfj,1,2247,training,bar,15,eggplant,tomato,eggplant,ArrowLeft,"fewer, more",0,FEWER,"geo, color, icon",1,color,0
ybwelfj,1,1508,training,bar,12,celery,corn,celery,ArrowLeft,"fewer, more",0,FEWER,"geo, color, icon",1,color,1
ybwelfj,1,1962,training,bar,6,celery,mushroom,mushroom,ArrowRight,"fewer, more",0,FEWER,"geo, color, icon",1,color,2
ybwelfj,1,2034,real,bar,8,celery,corn,celery,ArrowLeft,"fewer, more",0,FEWER,"geo, color, icon",1,color,0
ybwelfj,1,3213,real,bar,3,corn,olive,olive,ArrowRight,"fewer, more",0,FEWER,"geo, color, icon",1,color,1
ybwelfj,1,2168,real,bar,9,mushroom,corn,corn,ArrowRight,"fewer, more",0,FEWER,"geo, color, icon",1,color,2
ybwelfj,1,1239,real,bar,2,celery,mushroom,celery,ArrowLeft,"fewer, more",0,FEWER,"geo, color, icon",1,color,3
ybwelfj,1,1742,real,bar,1,corn,tomato,corn,ArrowLeft,"fewer, more",0,FEWER,"geo, color, icon",1,color,4
ybwelfj,1,3300,real,bar,5,olive,celery,olive,ArrowLeft,"fewer, more",0,FEWER,"geo, color, icon",1,color,5
ybwelfj,1,1911,real,bar,0,eggplant,corn,eggplant,ArrowLeft,"fewer, more",0,FEWER,"geo, color, icon",1,color,6
ybwelfj,1,1700,real,bar,6,mushroom,olive,olive,ArrowRight,"fewer, more",0,FEWER,"geo, color, icon",1,color,7
ybwelfj,1,3056,real,bar,7,corn,mushroom,mushroom,ArrowRight,"fewer, more",0,FEWER,"geo, color, icon",1,color,8
ybwelfj,1,1649,real,bar,4,mushroom,carrot,mushroom,ArrowLeft,"fewer, more",0,FEWER,"geo, color, icon",1,color,9
ybwelfj,1,1758,training,bar,17,corn,mushroom,corn,ArrowLeft,"fewer, more",0,FEWER,"geo, color, icon",2,icon,0
ybwelfj,1,4272,training,bar,15,eggplant,tomato,eggplant,ArrowLeft,"fewer, more",0,FEWER,"geo, color, icon",2,icon,1
ybwelfj,1,2982,training,bar,4,celery,carrot,carrot,ArrowRight,"fewer, more",0,FEWER,"geo, color, icon",2,icon,2
ybwelfj,1,4380,real,bar,1,corn,tomato,corn,ArrowLeft,"fewer, more",0,FEWER,"geo, color, icon",2,icon,0
ybwelfj,1,1608,real,bar,7,corn,mushroom,mushroom,ArrowRight,"fewer, more",0,FEWER,"geo, color, icon",2,icon,1
ybwelfj,1,1248,real,bar,3,corn,olive,olive,ArrowRight,"fewer, more",0,FEWER,"geo, color, icon",2,icon,2
ybwelfj,1,1920,real,bar,6,mushroom,olive,olive,ArrowRight,"fewer, more",0,FEWER,"geo, color, icon",2,icon,3
ybwelfj,1,2118,real,bar,0,eggplant,corn,eggplant,ArrowLeft,"fewer, more",0,FEWER,"geo, color, icon",2,icon,4
ybwelfj,1,2964,real,bar,9,mushroom,corn,corn,ArrowRight,"fewer, more",0,FEWER,"geo, color, icon",2,icon,5
ybwelfj,0,4632,real,bar,8,celery,corn,celery,ArrowRight,"fewer, more",0,FEWER,"geo, color, icon",2,icon,6
ybwelfj,1,2496,real,bar,2,celery,mushroom,celery,ArrowLeft,"fewer, more",0,FEWER,"geo, color, icon",2,icon,7
ybwelfj,1,930,real,bar,4,mushroom,carrot,mushroom,ArrowLeft,"fewer, more",0,FEWER,"geo, color, icon",2,icon,8
ybwelfj,1,2502,real,bar,5,olive,celery,olive,ArrowLeft,"fewer, more",0,FEWER,"geo, color, icon",2,icon,9
ybwelfj,1,3011,training,bar,16,mushroom,olive,mushroom,ArrowLeft,"fewer, more",1,MORE,"geo, icon, color",0,geo,0
ybwelfj,1,1539,training,bar,6,celery,mushroom,celery,ArrowLeft,"fewer, more",1,MORE,"geo, icon, color",0,geo,1
ybwelfj,1,2811,training,bar,15,eggplant,tomato,tomato,ArrowRight,"fewer, more",1,MORE,"geo, icon, color",0,geo,2
ybwelfj,1,3593,real,bar,1,corn,tomato,tomato,ArrowRight,"fewer, more",1,MORE,"geo, icon, color",0,geo,0
ybwelfj,1,3057,real,bar,8,celery,corn,corn,ArrowRight,"fewer, more",1,MORE,"geo, icon, color",0,geo,1
ybwelfj,1,2154,real,bar,0,eggplant,corn,corn,ArrowRight,"fewer, more",1,MORE,"geo, icon, color",0,geo,2
ybwelfj,1,1490,real,bar,2,celery,mushroom,mushroom,ArrowRight,"fewer, more",1,MORE,"geo, icon, color",0,geo,3
ybwelfj,1,1770,real,bar,5,olive,celery,celery,ArrowRight,"fewer, more",1,MORE,"geo, icon, color",0,geo,4
ybwelfj,1,2280,real,bar,6,mushroom,olive,mushroom,ArrowLeft,"fewer, more",1,MORE,"geo, icon, color",0,geo,5
ybwelfj,1,842,real,bar,7,corn,mushroom,corn,ArrowLeft,"fewer, more",1,MORE,"geo, icon, color",0,geo,6
ybwelfj,1,1873,real,bar,4,mushroom,carrot,carrot,ArrowRight,"fewer, more",1,MORE,"geo, icon, color",0,geo,7
ybwelfj,1,675,real,bar,3,corn,olive,corn,ArrowLeft,"fewer, more",1,MORE,"geo, icon, color",0,geo,8
ybwelfj,1,2439,real,bar,9,mushroom,corn,mushroom,ArrowLeft,"fewer, more",1,MORE,"geo, icon, color",0,geo,9
ybwelfj,-1,5000,training,bar,4,celery,carrot,celery,none,"fewer, more",1,MORE,"geo, icon, color",1,icon,0
ybwelfj,1,1528,training,bar,11,tomato,carrot,tomato,ArrowLeft,"fewer, more",1,MORE,"geo, icon, color",1,icon,1
ybwelfj,1,1986,training,bar,2,tomato,mushroom,mushroom,ArrowRight,"fewer, more",1,MORE,"geo, icon, color",1,icon,2
ybwelfj,1,3714,real,bar,1,corn,tomato,tomato,ArrowRight,"fewer, more",1,MORE,"geo, icon, color",1,icon,0
ybwelfj,1,648,real,bar,7,corn,mushroom,corn,ArrowLeft,"fewer, more",1,MORE,"geo, icon, color",1,icon,1
ybwelfj,1,690,real,bar,3,corn,olive,corn,ArrowLeft,"fewer, more",1,MORE,"geo, icon, color",1,icon,2
ybwelfj,1,1284,real,bar,6,mushroom,olive,mushroom,ArrowLeft,"fewer, more",1,MORE,"geo, icon, color",1,icon,3
ybwelfj,1,1959,real,bar,0,eggplant,corn,corn,ArrowRight,"fewer, more",1,MORE,"geo, icon, color",1,icon,4
ybwelfj,1,2823,real,bar,9,mushroom,corn,mushroom,ArrowLeft,"fewer, more",1,MORE,"geo, icon, color",1,icon,5
ybwelfj,1,3180,real,bar,8,celery,corn,corn,ArrowRight,"fewer, more",1,MORE,"geo, icon, color",1,icon,6
ybwelfj,1,1806,real,bar,2,celery,mushroom,mushroom,ArrowRight,"fewer, more",1,MORE,"geo, icon, color",1,icon,7
ybwelfj,1,3591,real,bar,4,mushroom,carrot,carrot,ArrowRight,"fewer, more",1,MORE,"geo, icon, color",1,icon,8
ybwelfj,0,3903,real,bar,5,olive,celery,celery,ArrowLeft,"fewer, more",1,MORE,"geo, icon, color",1,icon,9
ybwelfj,1,2271,training,bar,10,celery,eggplant,celery,ArrowLeft,"fewer, more",1,MORE,"geo, icon, color",2,color,0
ybwelfj,1,1215,training,bar,28,mushroom,celery,mushroom,ArrowLeft,"fewer, more",1,MORE,"geo, icon, color",2,color,1
ybwelfj,1,1047,training,bar,28,mushroom,celery,mushroom,ArrowLeft,"fewer, more",1,MORE,"geo, icon, color",2,color,2
ybwelfj,1,2262,real,bar,8,celery,corn,corn,ArrowRight,"fewer, more",1,MORE,"geo, icon, color",2,color,0
ybwelfj,1,1371,real,bar,3,corn,olive,corn,ArrowLeft,"fewer, more",1,MORE,"geo, icon, color",2,color,1
ybwelfj,1,2298,real,bar,9,mushroom,corn,mushroom,ArrowLeft,"fewer, more",1,MORE,"geo, icon, color",2,color,2
ybwelfj,1,2677,real,bar,2,celery,mushroom,mushroom,ArrowRight,"fewer, more",1,MORE,"geo, icon, color",2,color,3
ybwelfj,1,1413,real,bar,1,corn,tomato,tomato,ArrowRight,"fewer, more",1,MORE,"geo, icon, color",2,color,4
ybwelfj,0,1722,real,bar,5,olive,celery,celery,ArrowLeft,"fewer, more",1,MORE,"geo, icon, color",2,color,5
ybwelfj,1,2406,real,bar,0,eggplant,corn,corn,ArrowRight,"fewer, more",1,MORE,"geo, icon, color",2,color,6
ybwelfj,1,2031,real,bar,6,mushroom,olive,mushroom,ArrowLeft,"fewer, more",1,MORE,"geo, icon, color",2,color,7
ybwelfj,1,1563,real,bar,7,corn,mushroom,corn,ArrowLeft,"fewer, more",1,MORE,"geo, icon, color",2,color,8
ybwelfj,1,1452,real,bar,4,mushroom,carrot,carrot,ArrowRight,"fewer, more",1,MORE,"geo, icon, color",2,color,9
yvnfhsc,-1,5000,training,bar,14,eggplant,tomato,eggplant,none,"fewer, more",0,FEWER,"icon, color, geo",0,icon,0
yvnfhsc,1,3985,training,bar,23,carrot,olive,carrot,ArrowLeft,"fewer, more",0,FEWER,"icon, color, geo",0,icon,1
yvnfhsc,-1,5000,training,bar,13,olive,carrot,olive,none,"fewer, more",0,FEWER,"icon, color, geo",0,icon,2
yvnfhsc,1,4327,real,bar,5,olive,celery,olive,ArrowLeft,"fewer, more",0,FEWER,"icon, color, geo",0,icon,0
yvnfhsc,1,2132,real,bar,7,corn,mushroom,mushroom,ArrowRight,"fewer, more",0,FEWER,"icon, color, geo",0,icon,1
yvnfhsc,1,3661,real,bar,3,corn,olive,olive,ArrowRight,"fewer, more",0,FEWER,"icon, color, geo",0,icon,2
yvnfhsc,-1,5000,real,bar,0,eggplant,corn,eggplant,none,"fewer, more",0,FEWER,"icon, color, geo",0,icon,3
yvnfhsc,1,2196,real,bar,4,mushroom,carrot,mushroom,ArrowLeft,"fewer, more",0,FEWER,"icon, color, geo",0,icon,4
yvnfhsc,1,3339,real,bar,8,celery,corn,celery,ArrowLeft,"fewer, more",0,FEWER,"icon, color, geo",0,icon,5
yvnfhsc,1,3015,real,bar,6,mushroom,olive,olive,ArrowRight,"fewer, more",0,FEWER,"icon, color, geo",0,icon,6
yvnfhsc,1,1923,real,bar,2,celery,mushroom,celery,ArrowLeft,"fewer, more",0,FEWER,"icon, color, geo",0,icon,7
yvnfhsc,1,2031,real,bar,9,mushroom,corn,corn,ArrowRight,"fewer, more",0,FEWER,"icon, color, geo",0,icon,8
yvnfhsc,1,3552,real,bar,1,corn,tomato,corn,ArrowLeft,"fewer, more",0,FEWER,"icon, color, geo",0,icon,9
yvnfhsc,1,2720,training,bar,0,corn,carrot,corn,ArrowLeft,"fewer, more",0,FEWER,"icon, color, geo",1,color,0
yvnfhsc,1,3096,training,bar,12,celery,corn,celery,ArrowLeft,"fewer, more",0,FEWER,"icon, color, geo",1,color,1
yvnfhsc,1,3279,training,bar,16,mushroom,olive,olive,ArrowRight,"fewer, more",0,FEWER,"icon, color, geo",1,color,2
yvnfhsc,1,2395,real,bar,3,corn,olive,olive,ArrowRight,"fewer, more",0,FEWER,"icon, color, geo",1,color,0
yvnfhsc,1,4700,real,bar,8,celery,corn,celery,ArrowLeft,"fewer, more",0,FEWER,"icon, color, geo",1,color,1
yvnfhsc,1,1889,real,bar,9,mushroom,corn,corn,ArrowRight,"fewer, more",0,FEWER,"icon, color, geo",1,color,2
yvnfhsc,1,2170,real,bar,4,mushroom,carrot,mushroom,ArrowLeft,"fewer, more",0,FEWER,"icon, color, geo",1,color,3
yvnfhsc,1,4541,real,bar,0,eggplant,corn,eggplant,ArrowLeft,"fewer, more",0,FEWER,"icon, color, geo",1,color,4
yvnfhsc,1,3936,real,bar,6,mushroom,olive,olive,ArrowRight,"fewer, more",0,FEWER,"icon, color, geo",1,color,5
yvnfhsc,1,1816,real,bar,1,corn,tomato,corn,ArrowLeft,"fewer, more",0,FEWER,"icon, color, geo",1,color,6
yvnfhsc,1,1638,real,bar,7,corn,mushroom,mushroom,ArrowRight,"fewer, more",0,FEWER,"icon, color, geo",1,color,7
yvnfhsc,1,3258,real,bar,5,olive,celery,olive,ArrowLeft,"fewer, more",0,FEWER,"icon, color, geo",1,color,8
yvnfhsc,1,2236,real,bar,2,celery,mushroom,celery,ArrowLeft,"fewer, more",0,FEWER,"icon, color, geo",1,color,9
yvnfhsc,1,2625,training,bar,10,celery,eggplant,eggplant,ArrowRight,"fewer, more",0,FEWER,"icon, color, geo",2,geo,0
yvnfhsc,0,2396,training,bar,25,corn,eggplant,eggplant,ArrowLeft,"fewer, more",0,FEWER,"icon, color, geo",2,geo,1
yvnfhsc,1,1832,training,bar,11,tomato,carrot,carrot,ArrowRight,"fewer, more",0,FEWER,"icon, color, geo",2,geo,2
yvnfhsc,1,4952,real,bar,6,mushroom,olive,olive,ArrowRight,"fewer, more",0,FEWER,"icon, color, geo",2,geo,0
yvnfhsc,1,2201,real,bar,8,celery,corn,celery,ArrowLeft,"fewer, more",0,FEWER,"icon, color, geo",2,geo,1
yvnfhsc,1,2248,real,bar,5,olive,celery,olive,ArrowLeft,"fewer, more",0,FEWER,"icon, color, geo",2,geo,2
yvnfhsc,1,1336,real,bar,2,celery,mushroom,celery,ArrowLeft,"fewer, more",0,FEWER,"icon, color, geo",2,geo,3
yvnfhsc,1,4978,real,bar,9,mushroom,corn,corn,ArrowRight,"fewer, more",0,FEWER,"icon, color, geo",2,geo,4
yvnfhsc,-1,5000,real,bar,3,corn,olive,olive,none,"fewer, more",0,FEWER,"icon, color, geo",2,geo,5
yvnfhsc,1,2620,real,bar,7,corn,mushroom,mushroom,ArrowRight,"fewer, more",0,FEWER,"icon, color, geo",2,geo,6
yvnfhsc,1,2988,real,bar,1,corn,tomato,corn,ArrowLeft,"fewer, more",0,FEWER,"icon, color, geo",2,geo,7
yvnfhsc,1,1874,real,bar,4,mushroom,carrot,mushroom,ArrowLeft,"fewer, more",0,FEWER,"icon, color, geo",2,geo,8
yvnfhsc,1,3586,real,bar,0,eggplant,corn,eggplant,ArrowLeft,"fewer, more",0,FEWER,"icon, color, geo",2,geo,9
yvnfhsc,1,3437,training,bar,19,carrot,eggplant,carrot,ArrowLeft,"fewer, more",1,MORE,"geo, color, icon",0,geo,0
yvnfhsc,-1,5000,training,bar,20,eggplant,tomato,eggplant,none,"fewer, more",1,MORE,"geo, color, icon",0,geo,1
yvnfhsc,1,3060,training,bar,14,eggplant,tomato,tomato,ArrowRight,"fewer, more",1,MORE,"geo, color, icon",0,geo,2
yvnfhsc,1,2091,real,bar,6,mushroom,olive,mushroom,ArrowLeft,"fewer, more",1,MORE,"geo, color, icon",0,geo,0
yvnfhsc,1,2497,real,bar,8,celery,corn,corn,ArrowRight,"fewer, more",1,MORE,"geo, color, icon",0,geo,1
yvnfhsc,1,1715,real,bar,5,olive,celery,celery,ArrowRight,"fewer, more",1,MORE,"geo, color, icon",0,geo,2
yvnfhsc,1,2555,real,bar,2,celery,mushroom,mushroom,ArrowRight,"fewer, more",1,MORE,"geo, color, icon",0,geo,3
yvnfhsc,1,2711,real,bar,9,mushroom,corn,mushroom,ArrowLeft,"fewer, more",1,MORE,"geo, color, icon",0,geo,4
yvnfhsc,1,2505,real,bar,3,corn,olive,corn,ArrowLeft,"fewer, more",1,MORE,"geo, color, icon",0,geo,5
yvnfhsc,1,2551,real,bar,7,corn,mushroom,corn,ArrowLeft,"fewer, more",1,MORE,"geo, color, icon",0,geo,6
yvnfhsc,1,2030,real,bar,1,corn,tomato,tomato,ArrowRight,"fewer, more",1,MORE,"geo, color, icon",0,geo,7
yvnfhsc,1,2686,real,bar,4,mushroom,carrot,carrot,ArrowRight,"fewer, more",1,MORE,"geo, color, icon",0,geo,8
yvnfhsc,1,3208,real,bar,0,eggplant,corn,corn,ArrowRight,"fewer, more",1,MORE,"geo, color, icon",0,geo,9
yvnfhsc,1,3274,training,bar,14,eggplant,tomato,tomato,ArrowRight,"fewer, more",1,MORE,"geo, color, icon",1,color,0
yvnfhsc,1,4604,training,bar,8,olive,eggplant,eggplant,ArrowRight,"fewer, more",1,MORE,"geo, color, icon",1,color,1
yvnfhsc,1,3971,training,bar,9,mushroom,eggplant,mushroom,ArrowLeft,"fewer, more",1,MORE,"geo, color, icon",1,color,2
yvnfhsc,1,2539,real,bar,3,corn,olive,corn,ArrowLeft,"fewer, more",1,MORE,"geo, color, icon",1,color,0
yvnfhsc,1,3382,real,bar,8,celery,corn,corn,ArrowRight,"fewer, more",1,MORE,"geo, color, icon",1,color,1
yvnfhsc,1,2830,real,bar,9,mushroom,corn,mushroom,ArrowLeft,"fewer, more",1,MORE,"geo, color, icon",1,color,2
yvnfhsc,1,3470,real,bar,4,mushroom,carrot,carrot,ArrowRight,"fewer, more",1,MORE,"geo, color, icon",1,color,3
yvnfhsc,1,3928,real,bar,0,eggplant,corn,corn,ArrowRight,"fewer, more",1,MORE,"geo, color, icon",1,color,4
yvnfhsc,1,2125,real,bar,6,mushroom,olive,mushroom,ArrowLeft,"fewer, more",1,MORE,"geo, color, icon",1,color,5
yvnfhsc,1,2347,real,bar,1,corn,tomato,tomato,ArrowRight,"fewer, more",1,MORE,"geo, color, icon",1,color,6
yvnfhsc,1,2358,real,bar,7,corn,mushroom,corn,ArrowLeft,"fewer, more",1,MORE,"geo, color, icon",1,color,7
yvnfhsc,1,1811,real,bar,5,olive,celery,celery,ArrowRight,"fewer, more",1,MORE,"geo, color, icon",1,color,8
yvnfhsc,1,1719,real,bar,2,celery,mushroom,mushroom,ArrowRight,"fewer, more",1,MORE,"geo, color, icon",1,color,9
yvnfhsc,-1,5000,training,bar,1,corn,mushroom,mushroom,none,"fewer, more",1,MORE,"geo, color, icon",2,icon,0
yvnfhsc,1,2553,training,bar,21,mushroom,eggplant,mushroom,ArrowLeft,"fewer, more",1,MORE,"geo, color, icon",2,icon,1
yvnfhsc,1,3473,training,bar,19,carrot,eggplant,carrot,ArrowLeft,"fewer, more",1,MORE,"geo, color, icon",2,icon,2
yvnfhsc,1,3349,real,bar,5,olive,celery,celery,ArrowRight,"fewer, more",1,MORE,"geo, color, icon",2,icon,0
yvnfhsc,1,2627,real,bar,7,corn,mushroom,corn,ArrowLeft,"fewer, more",1,MORE,"geo, color, icon",2,icon,1
yvnfhsc,1,3206,real,bar,3,corn,olive,corn,ArrowLeft,"fewer, more",1,MORE,"geo, color, icon",2,icon,2
yvnfhsc,1,3797,real,bar,0,eggplant,corn,corn,ArrowRight,"fewer, more",1,MORE,"geo, color, icon",2,icon,3
yvnfhsc,1,2434,real,bar,4,mushroom,carrot,carrot,ArrowRight,"fewer, more",1,MORE,"geo, color, icon",2,icon,4
yvnfhsc,1,2711,real,bar,8,celery,corn,corn,ArrowRight,"fewer, more",1,MORE,"geo, color, icon",2,icon,5
yvnfhsc,1,4734,real,bar,6,mushroom,olive,mushroom,ArrowLeft,"fewer, more",1,MORE,"geo, color, icon",2,icon,6
yvnfhsc,-1,5000,real,bar,2,celery,mushroom,mushroom,none,"fewer, more",1,MORE,"geo, color, icon",2,icon,7
yvnfhsc,1,4069,real,bar,9,mushroom,corn,mushroom,ArrowLeft,"fewer, more",1,MORE,"geo, color, icon",2,icon,8
yvnfhsc,1,3298,real,bar,1,corn,tomato,tomato,ArrowRight,"fewer, more",1,MORE,"geo, color, icon",2,icon,9
yxzhbcw,1,2946,training,pie,23,olive,carrot,olive,ArrowLeft,"more, fewer",0,MORE,"color, icon, geo",0,color,0
yxzhbcw,1,3915,training,pie,2,mushroom,tomato,mushroom,ArrowLeft,"more, fewer",0,MORE,"color, icon, geo",0,color,1
yxzhbcw,1,2631,training,pie,15,eggplant,tomato,tomato,ArrowRight,"more, fewer",0,MORE,"color, icon, geo",0,color,2
yxzhbcw,1,3290,real,pie,5,celery,olive,celery,ArrowLeft,"more, fewer",0,MORE,"color, icon, geo",0,color,0
yxzhbcw,1,2476,real,pie,1,tomato,corn,tomato,ArrowLeft,"more, fewer",0,MORE,"color, icon, geo",0,color,1
yxzhbcw,1,2833,real,pie,9,corn,mushroom,mushroom,ArrowRight,"more, fewer",0,MORE,"color, icon, geo",0,color,2
yxzhbcw,1,2693,real,pie,2,mushroom,celery,mushroom,ArrowLeft,"more, fewer",0,MORE,"color, icon, geo",0,color,3
yxzhbcw,1,3448,real,pie,0,eggplant,corn,corn,ArrowRight,"more, fewer",0,MORE,"color, icon, geo",0,color,4
yxzhbcw,1,2197,real,pie,3,olive,corn,corn,ArrowRight,"more, fewer",0,MORE,"color, icon, geo",0,color,5
yxzhbcw,1,2539,real,pie,7,mushroom,corn,corn,ArrowRight,"more, fewer",0,MORE,"color, icon, geo",0,color,6
yxzhbcw,1,3712,real,pie,4,carrot,mushroom,carrot,ArrowLeft,"more, fewer",0,MORE,"color, icon, geo",0,color,7
yxzhbcw,1,1766,real,pie,8,corn,celery,corn,ArrowLeft,"more, fewer",0,MORE,"color, icon, geo",0,color,8
yxzhbcw,1,3476,real,pie,6,olive,mushroom,mushroom,ArrowRight,"more, fewer",0,MORE,"color, icon, geo",0,color,9
yxzhbcw,1,2745,training,pie,4,carrot,celery,celery,ArrowRight,"more, fewer",0,MORE,"color, icon, geo",1,icon,0
yxzhbcw,1,2506,training,pie,16,olive,mushroom,mushroom,ArrowRight,"more, fewer",0,MORE,"color, icon, geo",1,icon,1
yxzhbcw,1,1896,training,pie,20,tomato,eggplant,eggplant,ArrowRight,"more, fewer",0,MORE,"color, icon, geo",1,icon,2
yxzhbcw,1,4118,real,pie,2,mushroom,celery,mushroom,ArrowLeft,"more, fewer",0,MORE,"color, icon, geo",1,icon,0
yxzhbcw,1,3428,real,pie,5,celery,olive,celery,ArrowLeft,"more, fewer",0,MORE,"color, icon, geo",1,icon,1
yxzhbcw,1,2290,real,pie,9,corn,mushroom,mushroom,ArrowRight,"more, fewer",0,MORE,"color, icon, geo",1,icon,2
yxzhbcw,1,2254,real,pie,1,tomato,corn,tomato,ArrowLeft,"more, fewer",0,MORE,"color, icon, geo",1,icon,3
yxzhbcw,1,2523,real,pie,3,olive,corn,corn,ArrowRight,"more, fewer",0,MORE,"color, icon, geo",1,icon,4
yxzhbcw,1,1508,real,pie,8,corn,celery,corn,ArrowLeft,"more, fewer",0,MORE,"color, icon, geo",1,icon,5
yxzhbcw,1,3476,real,pie,6,olive,mushroom,mushroom,ArrowRight,"more, fewer",0,MORE,"color, icon, geo",1,icon,6
yxzhbcw,1,2475,real,pie,0,eggplant,corn,corn,ArrowRight,"more, fewer",0,MORE,"color, icon, geo",1,icon,7
yxzhbcw,1,2900,real,pie,7,mushroom,corn,corn,ArrowRight,"more, fewer",0,MORE,"color, icon, geo",1,icon,8
yxzhbcw,1,2362,real,pie,4,carrot,mushroom,carrot,ArrowLeft,"more, fewer",0,MORE,"color, icon, geo",1,icon,9
yxzhbcw,1,1503,training,pie,5,olive,carrot,olive,ArrowLeft,"more, fewer",0,MORE,"color, icon, geo",2,geo,0
yxzhbcw,1,1929,training,pie,21,eggplant,mushroom,mushroom,ArrowRight,"more, fewer",0,MORE,"color, icon, geo",2,geo,1
yxzhbcw,1,1051,training,pie,14,tomato,eggplant,tomato,ArrowLeft,"more, fewer",0,MORE,"color, icon, geo",2,geo,2
yxzhbcw,1,1346,real,pie,8,corn,celery,corn,ArrowLeft,"more, fewer",0,MORE,"color, icon, geo",2,geo,0
yxzhbcw,1,1897,real,pie,1,tomato,corn,tomato,ArrowLeft,"more, fewer",0,MORE,"color, icon, geo",2,geo,1
yxzhbcw,1,1062,real,pie,3,olive,corn,corn,ArrowRight,"more, fewer",0,MORE,"color, icon, geo",2,geo,2
yxzhbcw,0,3117,real,pie,2,mushroom,celery,mushroom,ArrowRight,"more, fewer",0,MORE,"color, icon, geo",2,geo,3
yxzhbcw,1,1788,real,pie,6,olive,mushroom,mushroom,ArrowRight,"more, fewer",0,MORE,"color, icon, geo",2,geo,4
yxzhbcw,1,2414,real,pie,4,carrot,mushroom,carrot,ArrowLeft,"more, fewer",0,MORE,"color, icon, geo",2,geo,5
yxzhbcw,0,1223,real,pie,5,celery,olive,celery,ArrowRight,"more, fewer",0,MORE,"color, icon, geo",2,geo,6
yxzhbcw,1,1865,real,pie,7,mushroom,corn,corn,ArrowRight,"more, fewer",0,MORE,"color, icon, geo",2,geo,7
yxzhbcw,1,2695,real,pie,0,eggplant,corn,corn,ArrowRight,"more, fewer",0,MORE,"color, icon, geo",2,geo,8
yxzhbcw,1,2995,real,pie,9,corn,mushroom,mushroom,ArrowRight,"more, fewer",0,MORE,"color, icon, geo",2,geo,9
yxzhbcw,1,2321,training,pie,25,eggplant,corn,eggplant,ArrowLeft,"more, fewer",1,FEWER,"color, geo, icon",0,color,0
yxzhbcw,1,2988,training,pie,13,carrot,olive,olive,ArrowRight,"more, fewer",1,FEWER,"color, geo, icon",0,color,1
yxzhbcw,0,1751,training,pie,8,olive,eggplant,olive,ArrowRight,"more, fewer",1,FEWER,"color, geo, icon",0,color,2
yxzhbcw,0,1787,real,pie,5,celery,olive,olive,ArrowLeft,"more, fewer",1,FEWER,"color, geo, icon",0,color,0
yxzhbcw,1,1829,real,pie,1,tomato,corn,corn,ArrowRight,"more, fewer",1,FEWER,"color, geo, icon",0,color,1
yxzhbcw,0,1896,real,pie,9,corn,mushroom,corn,ArrowRight,"more, fewer",1,FEWER,"color, geo, icon",0,color,2
yxzhbcw,1,2206,real,pie,2,mushroom,celery,celery,ArrowRight,"more, fewer",1,FEWER,"color, geo, icon",0,color,3
yxzhbcw,1,3218,real,pie,0,eggplant,corn,eggplant,ArrowLeft,"more, fewer",1,FEWER,"color, geo, icon",0,color,4
yxzhbcw,1,2570,real,pie,3,olive,corn,olive,ArrowLeft,"more, fewer",1,FEWER,"color, geo, icon",0,color,5
yxzhbcw,1,2398,real,pie,7,mushroom,corn,mushroom,ArrowLeft,"more, fewer",1,FEWER,"color, geo, icon",0,color,6
yxzhbcw,1,1772,real,pie,4,carrot,mushroom,mushroom,ArrowRight,"more, fewer",1,FEWER,"color, geo, icon",0,color,7
yxzhbcw,0,2632,real,pie,8,corn,celery,celery,ArrowLeft,"more, fewer",1,FEWER,"color, geo, icon",0,color,8
yxzhbcw,1,2693,real,pie,6,olive,mushroom,olive,ArrowLeft,"more, fewer",1,FEWER,"color, geo, icon",0,color,9
yxzhbcw,1,2165,training,pie,28,celery,mushroom,celery,ArrowLeft,"more, fewer",1,FEWER,"color, geo, icon",1,geo,0
yxzhbcw,0,1254,training,pie,26,olive,mushroom,mushroom,ArrowLeft,"more, fewer",1,FEWER,"color, geo, icon",1,geo,1
yxzhbcw,1,2160,training,pie,27,corn,olive,olive,ArrowRight,"more, fewer",1,FEWER,"color, geo, icon",1,geo,2
yxzhbcw,1,2052,real,pie,8,corn,celery,celery,ArrowRight,"more, fewer",1,FEWER,"color, geo, icon",1,geo,0
yxzhbcw,1,1533,real,pie,1,tomato,corn,corn,ArrowRight,"more, fewer",1,FEWER,"color, geo, icon",1,geo,1
yxzhbcw,1,1299,real,pie,3,olive,corn,olive,ArrowLeft,"more, fewer",1,FEWER,"color, geo, icon",1,geo,2
yxzhbcw,1,1601,real,pie,2,mushroom,celery,celery,ArrowRight,"more, fewer",1,FEWER,"color, geo, icon",1,geo,3
yxzhbcw,1,1191,real,pie,6,olive,mushroom,olive,ArrowLeft,"more, fewer",1,FEWER,"color, geo, icon",1,geo,4
yxzhbcw,1,1538,real,pie,4,carrot,mushroom,mushroom,ArrowRight,"more, fewer",1,FEWER,"color, geo, icon",1,geo,5
yxzhbcw,1,2243,real,pie,5,celery,olive,olive,ArrowRight,"more, fewer",1,FEWER,"color, geo, icon",1,geo,6
yxzhbcw,0,3327,real,pie,7,mushroom,corn,mushroom,ArrowRight,"more, fewer",1,FEWER,"color, geo, icon",1,geo,7
yxzhbcw,1,1988,real,pie,0,eggplant,corn,eggplant,ArrowLeft,"more, fewer",1,FEWER,"color, geo, icon",1,geo,8
yxzhbcw,1,2290,real,pie,9,corn,mushroom,corn,ArrowLeft,"more, fewer",1,FEWER,"color, geo, icon",1,geo,9
yxzhbcw,1,3181,training,pie,8,olive,eggplant,olive,ArrowLeft,"more, fewer",1,FEWER,"color, geo, icon",2,icon,0
yxzhbcw,1,1881,training,pie,23,olive,carrot,carrot,ArrowRight,"more, fewer",1,FEWER,"color, geo, icon",2,icon,1
yxzhbcw,1,2865,training,pie,13,carrot,olive,olive,ArrowRight,"more, fewer",1,FEWER,"color, geo, icon",2,icon,2
yxzhbcw,0,3181,real,pie,2,mushroom,celery,celery,ArrowLeft,"more, fewer",1,FEWER,"color, geo, icon",2,icon,0
yxzhbcw,0,3257,real,pie,5,celery,olive,olive,ArrowLeft,"more, fewer",1,FEWER,"color, geo, icon",2,icon,1
yxzhbcw,1,2491,real,pie,9,corn,mushroom,corn,ArrowLeft,"more, fewer",1,FEWER,"color, geo, icon",2,icon,2
yxzhbcw,1,1772,real,pie,1,tomato,corn,corn,ArrowRight,"more, fewer",1,FEWER,"color, geo, icon",2,icon,3
yxzhbcw,1,2839,real,pie,3,olive,corn,olive,ArrowLeft,"more, fewer",1,FEWER,"color, geo, icon",2,icon,4
yxzhbcw,1,3280,real,pie,8,corn,celery,celery,ArrowRight,"more, fewer",1,FEWER,"color, geo, icon",2,icon,5
yxzhbcw,1,2725,real,pie,6,olive,mushroom,olive,ArrowLeft,"more, fewer",1,FEWER,"color, geo, icon",2,icon,6
yxzhbcw,1,2648,real,pie,0,eggplant,corn,eggplant,ArrowLeft,"more, fewer",1,FEWER,"color, geo, icon",2,icon,7
yxzhbcw,1,3418,real,pie,7,mushroom,corn,mushroom,ArrowLeft,"more, fewer",1,FEWER,"color, geo, icon",2,icon,8
yxzhbcw,1,1642,real,pie,4,carrot,mushroom,mushroom,ArrowRight,"more, fewer",1,FEWER,"color, geo, icon",2,icon,9
zevwins,0,2609,training,bar,2,tomato,mushroom,mushroom,ArrowLeft,"more, fewer",0,MORE,"geo, icon, color",0,geo,0
zevwins,1,3237,training,bar,13,olive,carrot,carrot,ArrowRight,"more, fewer",0,MORE,"geo, icon, color",0,geo,1
zevwins,1,4602,training,bar,12,celery,corn,corn,ArrowRight,"more, fewer",0,MORE,"geo, icon, color",0,geo,2
zevwins,1,2675,real,bar,3,corn,olive,corn,ArrowLeft,"more, fewer",0,MORE,"geo, icon, color",0,geo,0
zevwins,1,4112,real,bar,1,corn,tomato,tomato,ArrowRight,"more, fewer",0,MORE,"geo, icon, color",0,geo,1
zevwins,1,3949,real,bar,0,eggplant,corn,corn,ArrowRight,"more, fewer",0,MORE,"geo, icon, color",0,geo,2
zevwins,1,2452,real,bar,4,mushroom,carrot,carrot,ArrowRight,"more, fewer",0,MORE,"geo, icon, color",0,geo,3
zevwins,1,1699,real,bar,9,mushroom,corn,mushroom,ArrowLeft,"more, fewer",0,MORE,"geo, icon, color",0,geo,4
zevwins,1,3715,real,bar,8,celery,corn,corn,ArrowRight,"more, fewer",0,MORE,"geo, icon, color",0,geo,5
zevwins,1,1951,real,bar,6,mushroom,olive,mushroom,ArrowLeft,"more, fewer",0,MORE,"geo, icon, color",0,geo,6
zevwins,1,3659,real,bar,5,olive,celery,celery,ArrowRight,"more, fewer",0,MORE,"geo, icon, color",0,geo,7
zevwins,1,1521,real,bar,2,celery,mushroom,mushroom,ArrowRight,"more, fewer",0,MORE,"geo, icon, color",0,geo,8
zevwins,1,1909,real,bar,7,corn,mushroom,corn,ArrowLeft,"more, fewer",0,MORE,"geo, icon, color",0,geo,9
zevwins,1,1644,training,bar,28,mushroom,celery,mushroom,ArrowLeft,"more, fewer",0,MORE,"geo, icon, color",1,icon,0
zevwins,1,1619,training,bar,27,corn,olive,corn,ArrowLeft,"more, fewer",0,MORE,"geo, icon, color",1,icon,1
zevwins,1,2703,training,bar,13,olive,carrot,carrot,ArrowRight,"more, fewer",0,MORE,"geo, icon, color",1,icon,2
zevwins,1,1771,real,bar,7,corn,mushroom,corn,ArrowLeft,"more, fewer",0,MORE,"geo, icon, color",1,icon,0
zevwins,1,1965,real,bar,3,corn,olive,corn,ArrowLeft,"more, fewer",0,MORE,"geo, icon, color",1,icon,1
zevwins,1,2583,real,bar,9,mushroom,corn,mushroom,ArrowLeft,"more, fewer",0,MORE,"geo, icon, color",1,icon,2
zevwins,1,2477,real,bar,8,celery,corn,corn,ArrowRight,"more, fewer",0,MORE,"geo, icon, color",1,icon,3
zevwins,1,3393,real,bar,0,eggplant,corn,corn,ArrowRight,"more, fewer",0,MORE,"geo, icon, color",1,icon,4
zevwins,1,2710,real,bar,2,celery,mushroom,mushroom,ArrowRight,"more, fewer",0,MORE,"geo, icon, color",1,icon,5
zevwins,1,1978,real,bar,4,mushroom,carrot,carrot,ArrowRight,"more, fewer",0,MORE,"geo, icon, color",1,icon,6
zevwins,1,2485,real,bar,1,corn,tomato,tomato,ArrowRight,"more, fewer",0,MORE,"geo, icon, color",1,icon,7
zevwins,1,3298,real,bar,5,olive,celery,celery,ArrowRight,"more, fewer",0,MORE,"geo, icon, color",1,icon,8
zevwins,1,2885,real,bar,6,mushroom,olive,mushroom,ArrowLeft,"more, fewer",0,MORE,"geo, icon, color",1,icon,9
zevwins,1,1780,training,bar,9,mushroom,eggplant,mushroom,ArrowLeft,"more, fewer",0,MORE,"geo, icon, color",2,color,0
zevwins,1,1157,training,bar,15,eggplant,tomato,tomato,ArrowRight,"more, fewer",0,MORE,"geo, icon, color",2,color,1
zevwins,1,2405,training,bar,12,celery,corn,corn,ArrowRight,"more, fewer",0,MORE,"geo, icon, color",2,color,2
zevwins,1,2698,real,bar,9,mushroom,corn,mushroom,ArrowLeft,"more, fewer",0,MORE,"geo, icon, color",2,color,0
zevwins,1,2151,real,bar,5,olive,celery,celery,ArrowRight,"more, fewer",0,MORE,"geo, icon, color",2,color,1
zevwins,1,1845,real,bar,3,corn,olive,corn,ArrowLeft,"more, fewer",0,MORE,"geo, icon, color",2,color,2
zevwins,1,1939,real,bar,0,eggplant,corn,corn,ArrowRight,"more, fewer",0,MORE,"geo, icon, color",2,color,3
zevwins,1,1581,real,bar,2,celery,mushroom,mushroom,ArrowRight,"more, fewer",0,MORE,"geo, icon, color",2,color,4
zevwins,1,1810,real,bar,6,mushroom,olive,mushroom,ArrowLeft,"more, fewer",0,MORE,"geo, icon, color",2,color,5
zevwins,1,1752,real,bar,4,mushroom,carrot,carrot,ArrowRight,"more, fewer",0,MORE,"geo, icon, color",2,color,6
zevwins,1,3469,real,bar,7,corn,mushroom,corn,ArrowLeft,"more, fewer",0,MORE,"geo, icon, color",2,color,7
zevwins,1,2161,real,bar,8,celery,corn,corn,ArrowRight,"more, fewer",0,MORE,"geo, icon, color",2,color,8
zevwins,1,1830,real,bar,1,corn,tomato,tomato,ArrowRight,"more, fewer",0,MORE,"geo, icon, color",2,color,9
zevwins,1,1748,training,bar,9,mushroom,eggplant,eggplant,ArrowRight,"more, fewer",1,FEWER,"icon, color, geo",0,icon,0
zevwins,1,2238,training,bar,12,celery,corn,celery,ArrowLeft,"more, fewer",1,FEWER,"icon, color, geo",0,icon,1
zevwins,1,3192,training,bar,24,celery,mushroom,mushroom,ArrowRight,"more, fewer",1,FEWER,"icon, color, geo",0,icon,2
zevwins,1,2475,real,bar,7,corn,mushroom,mushroom,ArrowRight,"more, fewer",1,FEWER,"icon, color, geo",0,icon,0
zevwins,1,3401,real,bar,3,corn,olive,olive,ArrowRight,"more, fewer",1,FEWER,"icon, color, geo",0,icon,1
zevwins,1,2945,real,bar,9,mushroom,corn,corn,ArrowRight,"more, fewer",1,FEWER,"icon, color, geo",0,icon,2
zevwins,1,2258,real,bar,8,celery,corn,celery,ArrowLeft,"more, fewer",1,FEWER,"icon, color, geo",0,icon,3
zevwins,1,4304,real,bar,0,eggplant,corn,eggplant,ArrowLeft,"more, fewer",1,FEWER,"icon, color, geo",0,icon,4
zevwins,1,2287,real,bar,2,celery,mushroom,celery,ArrowLeft,"more, fewer",1,FEWER,"icon, color, geo",0,icon,5
zevwins,0,2457,real,bar,4,mushroom,carrot,mushroom,ArrowRight,"more, fewer",1,FEWER,"icon, color, geo",0,icon,6
zevwins,1,2009,real,bar,1,corn,tomato,corn,ArrowLeft,"more, fewer",1,FEWER,"icon, color, geo",0,icon,7
zevwins,1,3718,real,bar,5,olive,celery,olive,ArrowLeft,"more, fewer",1,FEWER,"icon, color, geo",0,icon,8
zevwins,1,2444,real,bar,6,mushroom,olive,olive,ArrowRight,"more, fewer",1,FEWER,"icon, color, geo",0,icon,9
zevwins,1,2072,training,bar,19,carrot,eggplant,eggplant,ArrowRight,"more, fewer",1,FEWER,"icon, color, geo",1,color,0
zevwins,1,2036,training,bar,12,celery,corn,celery,ArrowLeft,"more, fewer",1,FEWER,"icon, color, geo",1,color,1
zevwins,1,1738,training,bar,2,tomato,mushroom,tomato,ArrowLeft,"more, fewer",1,FEWER,"icon, color, geo",1,color,2
zevwins,1,1088,real,bar,9,mushroom,corn,corn,ArrowRight,"more, fewer",1,FEWER,"icon, color, geo",1,color,0
zevwins,1,3867,real,bar,5,olive,celery,olive,ArrowLeft,"more, fewer",1,FEWER,"icon, color, geo",1,color,1
zevwins,1,2729,real,bar,3,corn,olive,olive,ArrowRight,"more, fewer",1,FEWER,"icon, color, geo",1,color,2
zevwins,1,2519,real,bar,0,eggplant,corn,eggplant,ArrowLeft,"more, fewer",1,FEWER,"icon, color, geo",1,color,3
zevwins,1,2986,real,bar,2,celery,mushroom,celery,ArrowLeft,"more, fewer",1,FEWER,"icon, color, geo",1,color,4
zevwins,1,2433,real,bar,6,mushroom,olive,olive,ArrowRight,"more, fewer",1,FEWER,"icon, color, geo",1,color,5
zevwins,1,2187,real,bar,4,mushroom,carrot,mushroom,ArrowLeft,"more, fewer",1,FEWER,"icon, color, geo",1,color,6
zevwins,1,2215,real,bar,7,corn,mushroom,mushroom,ArrowRight,"more, fewer",1,FEWER,"icon, color, geo",1,color,7
zevwins,1,2217,real,bar,8,celery,corn,celery,ArrowLeft,"more, fewer",1,FEWER,"icon, color, geo",1,color,8
zevwins,1,2153,real,bar,1,corn,tomato,corn,ArrowLeft,"more, fewer",1,FEWER,"icon, color, geo",1,color,9
zevwins,1,3388,training,bar,23,carrot,olive,carrot,ArrowLeft,"more, fewer",1,FEWER,"icon, color, geo",2,geo,0
zevwins,1,4204,training,bar,1,corn,mushroom,corn,ArrowLeft,"more, fewer",1,FEWER,"icon, color, geo",2,geo,1
zevwins,1,3122,training,bar,25,corn,eggplant,eggplant,ArrowRight,"more, fewer",1,FEWER,"icon, color, geo",2,geo,2
zevwins,1,2496,real,bar,3,corn,olive,olive,ArrowRight,"more, fewer",1,FEWER,"icon, color, geo",2,geo,0
zevwins,1,3117,real,bar,1,corn,tomato,corn,ArrowLeft,"more, fewer",1,FEWER,"icon, color, geo",2,geo,1
zevwins,1,3161,real,bar,0,eggplant,corn,eggplant,ArrowLeft,"more, fewer",1,FEWER,"icon, color, geo",2,geo,2
zevwins,1,2781,real,bar,4,mushroom,carrot,mushroom,ArrowLeft,"more, fewer",1,FEWER,"icon, color, geo",2,geo,3
zevwins,1,1612,real,bar,9,mushroom,corn,corn,ArrowRight,"more, fewer",1,FEWER,"icon, color, geo",2,geo,4
zevwins,1,3420,real,bar,8,celery,corn,celery,ArrowLeft,"more, fewer",1,FEWER,"icon, color, geo",2,geo,5
zevwins,1,1999,real,bar,6,mushroom,olive,olive,ArrowRight,"more, fewer",1,FEWER,"icon, color, geo",2,geo,6
zevwins,1,3958,real,bar,5,olive,celery,olive,ArrowLeft,"more, fewer",1,FEWER,"icon, color, geo",2,geo,7
zevwins,1,3292,real,bar,2,celery,mushroom,celery,ArrowLeft,"more, fewer",1,FEWER,"icon, color, geo",2,geo,8
zevwins,1,2048,real,bar,7,corn,mushroom,mushroom,ArrowRight,"more, fewer",1,FEWER,"icon, color, geo",2,geo,9
zntkjpw,1,1769,training,pie,14,tomato,eggplant,eggplant,ArrowRight,"fewer, more",0,FEWER,"icon, color, geo",0,icon,0
zntkjpw,-1,5000,training,pie,5,olive,carrot,carrot,none,"fewer, more",0,FEWER,"icon, color, geo",0,icon,1
zntkjpw,1,3674,training,pie,2,mushroom,tomato,tomato,ArrowRight,"fewer, more",0,FEWER,"icon, color, geo",0,icon,2
zntkjpw,1,2493,real,pie,0,eggplant,corn,eggplant,ArrowLeft,"fewer, more",0,FEWER,"icon, color, geo",0,icon,0
zntkjpw,-1,5000,real,pie,3,olive,corn,olive,none,"fewer, more",0,FEWER,"icon, color, geo",0,icon,1
zntkjpw,1,2670,real,pie,1,tomato,corn,corn,ArrowRight,"fewer, more",0,FEWER,"icon, color, geo",0,icon,2
zntkjpw,1,2131,real,pie,8,corn,celery,celery,ArrowRight,"fewer, more",0,FEWER,"icon, color, geo",0,icon,3
zntkjpw,1,2244,real,pie,9,corn,mushroom,corn,ArrowLeft,"fewer, more",0,FEWER,"icon, color, geo",0,icon,4
zntkjpw,1,2839,real,pie,4,carrot,mushroom,mushroom,ArrowRight,"fewer, more",0,FEWER,"icon, color, geo",0,icon,5
zntkjpw,0,3963,real,pie,2,mushroom,celery,celery,ArrowLeft,"fewer, more",0,FEWER,"icon, color, geo",0,icon,6
zntkjpw,1,1775,real,pie,7,mushroom,corn,mushroom,ArrowLeft,"fewer, more",0,FEWER,"icon, color, geo",0,icon,7
zntkjpw,0,2658,real,pie,5,celery,olive,olive,ArrowLeft,"fewer, more",0,FEWER,"icon, color, geo",0,icon,8
zntkjpw,1,2564,real,pie,6,olive,mushroom,olive,ArrowLeft,"fewer, more",0,FEWER,"icon, color, geo",0,icon,9
zntkjpw,1,2256,training,pie,11,carrot,tomato,carrot,ArrowLeft,"fewer, more",0,FEWER,"icon, color, geo",1,color,0
zntkjpw,1,1776,training,pie,11,carrot,tomato,carrot,ArrowLeft,"fewer, more",0,FEWER,"icon, color, geo",1,color,1
zntkjpw,1,2002,training,pie,18,eggplant,corn,corn,ArrowRight,"fewer, more",0,FEWER,"icon, color, geo",1,color,2
zntkjpw,1,1055,real,pie,8,corn,celery,celery,ArrowRight,"fewer, more",0,FEWER,"icon, color, geo",1,color,0
zntkjpw,1,2784,real,pie,0,eggplant,corn,eggplant,ArrowLeft,"fewer, more",0,FEWER,"icon, color, geo",1,color,1
zntkjpw,1,2748,real,pie,3,olive,corn,olive,ArrowLeft,"fewer, more",0,FEWER,"icon, color, geo",1,color,2
zntkjpw,0,1992,real,pie,7,mushroom,corn,mushroom,ArrowRight,"fewer, more",0,FEWER,"icon, color, geo",1,color,3
zntkjpw,1,2539,real,pie,6,olive,mushroom,olive,ArrowLeft,"fewer, more",0,FEWER,"icon, color, geo",1,color,4
zntkjpw,1,1637,real,pie,5,celery,olive,olive,ArrowRight,"fewer, more",0,FEWER,"icon, color, geo",1,color,5
zntkjpw,1,1527,real,pie,1,tomato,corn,corn,ArrowRight,"fewer, more",0,FEWER,"icon, color, geo",1,color,6
zntkjpw,1,3702,real,pie,9,corn,mushroom,corn,ArrowLeft,"fewer, more",0,FEWER,"icon, color, geo",1,color,7
zntkjpw,1,2029,real,pie,4,carrot,mushroom,mushroom,ArrowRight,"fewer, more",0,FEWER,"icon, color, geo",1,color,8
zntkjpw,1,2463,real,pie,2,mushroom,celery,celery,ArrowRight,"fewer, more",0,FEWER,"icon, color, geo",1,color,9
zntkjpw,1,1384,training,pie,10,eggplant,celery,eggplant,ArrowLeft,"fewer, more",0,FEWER,"icon, color, geo",2,geo,0
zntkjpw,1,1007,training,pie,12,corn,celery,celery,ArrowRight,"fewer, more",0,FEWER,"icon, color, geo",2,geo,1
zntkjpw,1,1453,training,pie,1,mushroom,corn,corn,ArrowRight,"fewer, more",0,FEWER,"icon, color, geo",2,geo,2
zntkjpw,1,2214,real,pie,0,eggplant,corn,eggplant,ArrowLeft,"fewer, more",0,FEWER,"icon, color, geo",2,geo,0
zntkjpw,1,857,real,pie,6,olive,mushroom,olive,ArrowLeft,"fewer, more",0,FEWER,"icon, color, geo",2,geo,1
zntkjpw,1,3682,real,pie,2,mushroom,celery,celery,ArrowRight,"fewer, more",0,FEWER,"icon, color, geo",2,geo,2
zntkjpw,1,3366,real,pie,8,corn,celery,celery,ArrowRight,"fewer, more",0,FEWER,"icon, color, geo",2,geo,3
zntkjpw,0,2363,real,pie,7,mushroom,corn,mushroom,ArrowRight,"fewer, more",0,FEWER,"icon, color, geo",2,geo,4
zntkjpw,1,2617,real,pie,3,olive,corn,olive,ArrowLeft,"fewer, more",0,FEWER,"icon, color, geo",2,geo,5
zntkjpw,0,2567,real,pie,1,tomato,corn,corn,ArrowLeft,"fewer, more",0,FEWER,"icon, color, geo",2,geo,6
zntkjpw,0,2209,real,pie,9,corn,mushroom,corn,ArrowRight,"fewer, more",0,FEWER,"icon, color, geo",2,geo,7
zntkjpw,0,3767,real,pie,5,celery,olive,olive,ArrowLeft,"fewer, more",0,FEWER,"icon, color, geo",2,geo,8
zntkjpw,1,2974,real,pie,4,carrot,mushroom,mushroom,ArrowRight,"fewer, more",0,FEWER,"icon, color, geo",2,geo,9
zntkjpw,0,2629,training,pie,6,celery,mushroom,celery,ArrowRight,"fewer, more",1,MORE,"icon, geo, color",0,icon,0
zntkjpw,0,2257,training,pie,1,mushroom,corn,mushroom,ArrowRight,"fewer, more",1,MORE,"icon, geo, color",0,icon,1
zntkjpw,0,736,training,pie,27,corn,olive,corn,ArrowRight,"fewer, more",1,MORE,"icon, geo, color",0,icon,2
zntkjpw,1,2499,real,pie,0,eggplant,corn,corn,ArrowRight,"fewer, more",1,MORE,"icon, geo, color",0,icon,0
zntkjpw,1,2369,real,pie,3,olive,corn,corn,ArrowRight,"fewer, more",1,MORE,"icon, geo, color",0,icon,1
zntkjpw,1,2361,real,pie,1,tomato,corn,tomato,ArrowLeft,"fewer, more",1,MORE,"icon, geo, color",0,icon,2
zntkjpw,1,1256,real,pie,8,corn,celery,corn,ArrowLeft,"fewer, more",1,MORE,"icon, geo, color",0,icon,3
zntkjpw,0,2853,real,pie,9,corn,mushroom,mushroom,ArrowLeft,"fewer, more",1,MORE,"icon, geo, color",0,icon,4
zntkjpw,1,3464,real,pie,4,carrot,mushroom,carrot,ArrowLeft,"fewer, more",1,MORE,"icon, geo, color",0,icon,5
zntkjpw,0,1534,real,pie,2,mushroom,celery,mushroom,ArrowRight,"fewer, more",1,MORE,"icon, geo, color",0,icon,6
zntkjpw,1,1691,real,pie,7,mushroom,corn,corn,ArrowRight,"fewer, more",1,MORE,"icon, geo, color",0,icon,7
zntkjpw,1,3221,real,pie,5,celery,olive,celery,ArrowLeft,"fewer, more",1,MORE,"icon, geo, color",0,icon,8
zntkjpw,1,2662,real,pie,6,olive,mushroom,mushroom,ArrowRight,"fewer, more",1,MORE,"icon, geo, color",0,icon,9
zntkjpw,1,1747,training,pie,7,celery,eggplant,celery,ArrowLeft,"fewer, more",1,MORE,"icon, geo, color",1,geo,0
zntkjpw,1,797,training,pie,7,celery,eggplant,celery,ArrowLeft,"fewer, more",1,MORE,"icon, geo, color",1,geo,1
zntkjpw,0,2147,training,pie,18,eggplant,corn,eggplant,ArrowRight,"fewer, more",1,MORE,"icon, geo, color",1,geo,2
zntkjpw,1,1607,real,pie,0,eggplant,corn,corn,ArrowRight,"fewer, more",1,MORE,"icon, geo, color",1,geo,0
zntkjpw,1,1811,real,pie,6,olive,mushroom,mushroom,ArrowRight,"fewer, more",1,MORE,"icon, geo, color",1,geo,1
zntkjpw,1,2305,real,pie,2,mushroom,celery,mushroom,ArrowLeft,"fewer, more",1,MORE,"icon, geo, color",1,geo,2
zntkjpw,1,751,real,pie,8,corn,celery,corn,ArrowLeft,"fewer, more",1,MORE,"icon, geo, color",1,geo,3
zntkjpw,1,2583,real,pie,7,mushroom,corn,corn,ArrowRight,"fewer, more",1,MORE,"icon, geo, color",1,geo,4
zntkjpw,1,2349,real,pie,3,olive,corn,corn,ArrowRight,"fewer, more",1,MORE,"icon, geo, color",1,geo,5
zntkjpw,1,4553,real,pie,1,tomato,corn,tomato,ArrowLeft,"fewer, more",1,MORE,"icon, geo, color",1,geo,6
zntkjpw,1,2523,real,pie,9,corn,mushroom,mushroom,ArrowRight,"fewer, more",1,MORE,"icon, geo, color",1,geo,7
zntkjpw,0,900,real,pie,5,celery,olive,celery,ArrowRight,"fewer, more",1,MORE,"icon, geo, color",1,geo,8
zntkjpw,0,3575,real,pie,4,carrot,mushroom,carrot,ArrowRight,"fewer, more",1,MORE,"icon, geo, color",1,geo,9
zntkjpw,1,3366,training,pie,20,tomato,eggplant,eggplant,ArrowRight,"fewer, more",1,MORE,"icon, geo, color",2,color,0
zntkjpw,1,3277,training,pie,11,carrot,tomato,tomato,ArrowRight,"fewer, more",1,MORE,"icon, geo, color",2,color,1
zntkjpw,1,2296,training,pie,18,eggplant,corn,eggplant,ArrowLeft,"fewer, more",1,MORE,"icon, geo, color",2,color,2
zntkjpw,1,868,real,pie,8,corn,celery,corn,ArrowLeft,"fewer, more",1,MORE,"icon, geo, color",2,color,0
zntkjpw,1,3744,real,pie,0,eggplant,corn,corn,ArrowRight,"fewer, more",1,MORE,"icon, geo, color",2,color,1
zntkjpw,1,1933,real,pie,3,olive,corn,corn,ArrowRight,"fewer, more",1,MORE,"icon, geo, color",2,color,2
zntkjpw,1,1357,real,pie,7,mushroom,corn,corn,ArrowRight,"fewer, more",1,MORE,"icon, geo, color",2,color,3
zntkjpw,1,2495,real,pie,6,olive,mushroom,mushroom,ArrowRight,"fewer, more",1,MORE,"icon, geo, color",2,color,4
zntkjpw,1,3088,real,pie,5,celery,olive,celery,ArrowLeft,"fewer, more",1,MORE,"icon, geo, color",2,color,5
zntkjpw,1,4267,real,pie,1,tomato,corn,tomato,ArrowLeft,"fewer, more",1,MORE,"icon, geo, color",2,color,6
zntkjpw,1,3919,real,pie,9,corn,mushroom,mushroom,ArrowRight,"fewer, more",1,MORE,"icon, geo, color",2,color,7
zntkjpw,1,3413,real,pie,4,carrot,mushroom,carrot,ArrowLeft,"fewer, more",1,MORE,"icon, geo, color",2,color,8
zntkjpw,1,2784,real,pie,2,mushroom,celery,mushroom,ArrowLeft,"fewer, more",1,MORE,"icon, geo, color",2,color,9
